id,sequence_no,speaker,text_b64
TS_EC_Q4_FY2024_0001,1,Moderator,TGFkaWVzIGFuZCBnZW50bGVtZW4sIGdvb2QgZGF5IGFuZCB3ZWxjb21lIHRvIHRoZSBUQ1MgRWFybmluZ3MgQ29uZmVyZW5jZSBDYWxsLiBBcyBhIHJlbWluZGVyLCBhbGwgcGFydGljaXBhbnQgbGluZXMgd2lsbCBiZSBpbiB0aGUgbGlzdGVuLW9ubHkgbW9kZS4gU2hvdWxkIHlvdSBuZWVkIGFzc2lzdGFuY2UgZHVyaW5nIHRoZSBjb25mZXJlbmNlIGNhbGwsIHBsZWFzZSBzaWduYWwgYW4gb3BlcmF0b3IgYnkgcHJlc3Npbmcg4oCYKuKAmSB0aGVuIOKAmDDigJkgb24geW91ciB0b3VjaHRvbmUgcGhvbmUuIEFmdGVyIHRvZGF54oCZcyBwcmVzZW50YXRpb24sIHRoZXJlIHdpbGwgYmUgYW4gb3Bwb3J0dW5pdHkgdG8gYXNrIHF1ZXN0aW9ucy4gVG8gYXNrIGEgcXVlc3Rpb24sIHlvdSBtYXkgcHJlc3Mg4oCYKuKAmSB0aGVuIOKAmDHigJkgb24geW91ciB0ZWxlcGhvbmUga2V5cGFkLiBUbyB3aXRoZHJhdyB5b3VyIHF1ZXN0aW9uLCBwbGVhc2UgcHJlc3Mg4oCYKuKAmSB0aGVuIOKAmDLigJkuIFBsZWFzZSBub3RlIHRoYXQgdGhpcyBjb25mZXJlbmNlIGlzIGJlaW5nIHJlY29yZGVkLiBJIG5vdyBoYW5kIHRoZSBjb25mZXJlbmNlIG92ZXIgdG8gTXIuIEtlZGFyIFNoaXJhbGkg4oCTIEdsb2JhbCBIZWFkLCBJbnZlc3RvciBSZWxhdGlvbnMgYXQgVENTLiBUaGFuayB5b3UgYW5kIG92ZXIgdG8geW91LCBzaXIu
TS_EC_Q4_FY2024_0002,2,Kedar Shirali,VGhhbmsgeW91LCBvcGVyYXRvci4gR29vZCBldmVuaW5nLCBhbmQgd2VsY29tZSwgZXZlcnlvbmUuIFRoYW5rIHlvdSBmb3Igam9pbmluZyB1cyB0b2RheSB0byBkaXNjdXNzIFRDUycgZmluYW5jaWFsIHJlc3VsdHMgZm9yIHRoZSBmb3VydGggcXVhcnRlciBhbmQgZnVsbCB5ZWFyIEZZIDIwMjMgdGhhdCBlbmRlZCBNYXJjaCAzMSwgMjAyMy4gVGhpcyBjYWxsIGlzIGJlaW5nIHdlYmNhc3QgdGhyb3VnaCBvdXIgd2Vic2l0ZSwgYW5kIGFuIGFyY2hpdmUgaW5jbHVkaW5nIHRoZSB0cmFuc2NyaXB0IHdpbGwgYmUgYXZhaWxhYmxlIG9uIHRoZSBzaXRlIGZvciB0aGUgZHVyYXRpb24gb2YgdGhpcyBxdWFydGVyLiBUaGUgZmluYW5jaWFsIHN0YXRlbWVudHMsIHF1YXJ0ZXJseSBmYWN0IHNoZWV0IGFuZCBwcmVzcyByZWxlYXNlcyBhcmUgYWxzbyBhdmFpbGFibGUgb24gb3VyIHdlYnNpdGUuIE91ciBsZWFkZXJzaGlwIHRlYW0gaXMgcHJlc2VudCBvbiB0aGlzIGNhbGwgdG8gZGlzY3VzcyBvdXIgcmVzdWx0cy4gV2UgaGF2ZSB3aXRoIHVzIHRvZGF5LCBNci4gUmFqZXNoIEdvcGluYXRoYW4gLS0gQ2hpZWYgRXhlY3V0aXZlIE9mZmljZXIgYW5kIE1hbmFnaW5nIERpcmVjdG9yLCBNci4gSy4gS3JpdGhpdmFzYW4gLS0gQ0VPIERlc2lnbmF0ZSBhbmQgUHJlc2lkZW50LCBNci4gTiBHIFN1YnJhbWFuaWFtIC0tIENoaWVmIE9wZXJhdGluZyBPZmZpY2VyIGFuZCBFeGVjdXRpdmUgRGlyZWN0b3IsIE1yLiBTYW1pciBTZWtzYXJpYSAtLSBDaGllZiBGaW5hbmNpYWwgT2ZmaWNlciBhbmQgTXIuIE1pbGluZCBMYWtrYWQgLS0gQ2hpZWYgSFIgT2ZmaWNlci4=
TS_EC_Q4_FY2024_0003,3,Kedar Shirali,VGhleSB3aWxsIGdpdmUgYSBicmllZiBvdmVydmlldyBvZiB0aGUgY29tcGFueSdzIHBlcmZvcm1hbmNlIGZvbGxvd2VkIGJ5IGEgUSZBIHNlc3Npb24uIEFzIHlvdSdyZSBhd2FyZSwgd2UgZG9uJ3QgcHJvdmlkZSBzcGVjaWZpYyByZXZlbnVlIG9yIGVhcm5pbmdzIGd1aWRhbmNlLiBBbmQgYW55dGhpbmcgc2FpZCBvbiB0aGlzIGNhbGwgd2hpY2ggcmVmbGVjdHMgb3VyIG91dGxvb2sgZm9yIHRoZSBmdXR1cmUsIG9yIHdoaWNoIGNvdWxkIGJlIGNvbnN0cnVlZCBhcyBhIGZvcndhcmQtbG9va2luZyBzdGF0ZW1lbnQsIG11c3QgYmUgcmV2aWV3ZWQgaW4gY29uanVuY3Rpb24gd2l0aCB0aGUgcmlza3MgdGhhdCB0aGUgY29tcGFueSBmYWNlcy4gV2UgaGF2ZSBvdXRsaW5lZCB0aGVzZSByaXNrcyBpbiB0aGUgc2Vjb25kIHNsaWRlIG9mIHRoZSBxdWFydGVybHkgZmFjdCBzaGVldCBhdmFpbGFibGUgb24gb3VyIHdlYnNpdGUgYW5kIGUtbWFpbGVkIG91dCB0byB0aG9zZSB3aG8gaGF2ZSBzdWJzY3JpYmVkIHRvIG91ciBtYWlsaW5nIGxpc3QuIFdpdGggdGhhdCwgSSB3b3VsZCBsaWtlIHRvIHR1cm4gdGhlIGNhbGwgb3ZlciB0byBSYWplc2gu
TS_EC_Q4_FY2024_0004,4,Rajesh Gopinathan,VGhhbmsgeW91LCBLZWRhci4gR29vZCBtb3JuaW5nLCBnb29kIGFmdGVybm9vbiBhbmQgZ29vZCBldmVuaW5nIHRvIGFsbCBvZiB5b3UuIEluIEZZIDIwMjMsIG91ciBmdWxsIHllYXIgcmV2ZW51ZSBncmV3IGF0IDE3LjYlIGluIHJ1cGVlIHRlcm1zLCAxMy43JSBpbiBjb25zdGFudCBjdXJyZW5jeSB0ZXJtcyBhbmQgOC42JSBpbiBkb2xsYXIgdGVybXMuIE91ciBvcGVyYXRpbmcgbWFyZ2luIGZvciB0aGUgeWVhciBjYW1lIGluIGF0IDI0LjElIGFuZCBuZXQgbWFyZ2luIHdhcyBhdCAxOC43JS4gQXMgeW91IGFyZSBhd2FyZSwgZm91ciB3ZWVrcyBhZ28sIHdlIGFubm91bmNlZCBhIGxlYWRlcnNoaXAgdHJhbnNpdGlvbiBhdCBUQ1MuIEknbGwgYmUgc3RlcHBpbmcgZG93biBmcm9tIG15IHJvbGUgYW5kIHN0ZXBwaW5nIGF3YXkgZnJvbSBUQ1Mgb24gU2VwdGVtYmVyIDE1dGguIFRoZSBCb2FyZCBpZGVudGlmaWVkIEtyaXRoaSwgd2hvIGhhcyBsZWQgb3VyIGxhcmdlc3Qgc2VnbWVudCwgQkZTSSwgb3ZlciB0aGUgbGFzdCBtYW55IHllYXJzLCBhcyB0aGUgQ0VPLURlc2lnbmF0ZS4gVG9kYXksIHRoZSBCb2FyZCBhbHNvIGFubm91bmNlZCB0aGF0IEtyaXRoaSB3aWxsIGJlIHRha2luZyBvdmVyIHRoZSByb2xlIG9mIENFTyBhbmQgTUQgb24gSnVuZSAxc3QuIFdlIGFyZSBjdXJyZW50bHkgZ29pbmcgdGhyb3VnaCBhIHN0cnVjdHVyZWQgdHJhbnNpdGlvbiBwbGFuIGFuZCBmb3IgdGhlIHB1cnBvc2Ugb2YgdGhpcyBjYWxsLCBJIHdpbGwgc3BlYWsgYWJvdXQgdGhlIHllYXIgZ29uZSBieSwgYW5kIGhlIHdpbGwgY292ZXIgdGhlIGZvcndhcmQtbG9va2luZyB0b3BpY3MuIEknbGwgZmlyc3QgaW52aXRlIFNhbWlyLCBNaWxpbmQgYW5kIE5HUyB0byBnbyBvdmVyIHRoZSBkaWZmZXJlbnQgYXNwZWN0cyBvZiBvdXIgcGVyZm9ybWFuY2UgZHVyaW5nIHRoZSBxdWFydGVyLiBLcml0aGkgYW5kIEkgd2lsbCBzdGVwIGluIGxhdGVyIHRvIHByb3ZpZGUgbW9yZSBjb2xvciBvbiB0aGUgZGVtYW5kIHRyZW5kcyB3ZSdyZSBzZWVpbmcuIE92ZXIgdG8geW91LCBTYW1pci4=
TS_EC_Q4_FY2024_0005,5,Samir Seksaria,VGhhbmsgeW91IFJhamVzaC4gSW4gdGhlIGZvdXJ0aCBxdWFydGVyIG9mIGZpbmFuY2lhbCB5ZWFyIDIwMjMsIG91ciByZXZlbnVlIHdhcyBgNTksMTYyIGNyb3JlLCB3aGljaCBpcyBhIHllYXItb24teWVhciBncm93dGggb2YgMTYuOSUuIEluIGRvbGxhciB0ZXJtcywgcmV2ZW51ZSB3YXMgJDcuMTk1IGJpbGxpb24sIGEgeWVhci1vbi15ZWFyIGdyb3d0aCBvZiA3LjQlLiBJbiBjb25zdGFudCBjdXJyZW5jeSwgb3VyIHJldmVudWUgZ3Jvd3RoIGluIFE0IHdhcyAxMC43JS4gRm9yIHRoZSBmdWxsIHllYXIsIG91ciByZXZlbnVlIHdhcyBgMjI1LDQ1OCBjcm9yZSwgd2hpY2ggaXMgYSBncm93dGggb2YgMTcuNiUgb3ZlciB0aGUgcHJpb3IgeWVhci4gSW4gZG9sbGFyIHRlcm1zLCB0aGUgcmVwb3J0ZWQgcmV2ZW51ZSB3YXMgJDI3LjkyNyBiaWxsaW9uLCBhIGdyb3d0aCBvZiA4LjYlLiBDb25zdGFudCBjdXJyZW5jeSByZXZlbnVlIGdyb3d0aCBmb3IgdGhlIGZ1bGwgeWVhciB3YXMgMTMuNyUuIExldCBtZSBnbyBvdmVyIG91ciBmaW5hbmNpYWwgcGVyZm9ybWFuY2UuIE91ciBvcGVyYXRpbmcgbWFyZ2luIGluIFE0IHN0YXllZCBmbGF0IHNlcXVlbnRpYWxseSBhdCAyNC41JS4gV2l0aCBzdXBwbHktc2lkZSBjaGFsbGVuZ2VzIGFiYXRpbmcsIHdlIHdlcmUgYWJsZSB0byBmdXJ0aGVyIGJyaW5nIGRvd24gb3VyIHVzZSBvZiBzdWItY29udHJhY3RvcnMgaW4gUTQuIFRoZSBiZW5lZml0IG9mIHRoYXQsIG90aGVyIGVmZmljaWVuY2llcyBhbmQgc29tZSBjdXJyZW5jeSBnYWlucyB3YXMgY2FuY2VsZWQgb3V0IGJ5IGhpZ2hlciBvbi1zaXRlIGNvc3RzLiBPdXIgZnVsbCB5ZWFyIG9wZXJhdGluZyBtYXJnaW4gd2FzIGF0IDI0LjElLCBhIGNvbnRyYWN0aW9uIG9mIDEuMiUgb3ZlciB0aGUgcHJpb3IgeWVhci4gSW4gdGVybXMgb2YgaGVhZHdpbmRzLCBvdXIgYW5udWFsIHdhZ2UgaW5jcmVhc2Ugc2V0IHVzIGJhY2sgYnkgMS42JS4gVGhlIHN1cHBseSBzaWRlIGNoYWxsZW5nZXMgZHVyaW5nIHRoZSB5ZWFyIGNvc3QgdXMgYW5vdGhlciAxLjQlIGFuZCB0cmF2ZWwgZXhwZW5zZXMgd2VudCB1cCBieSAwLjMlLiBUaGlzIHdhcyBtaXRpZ2F0ZWQgYnkgMC41JSBvZiByZWFsaXphdGlvbiBpbXByb3ZlbWVudCwgMC41JSBvZiBiZW5lZml0IGZyb20gYSBmbGF0dGVyIGVtcGxveWVlIHB5cmFtaWQgYW5kIDEuMSUgb2YgY3VycmVuY3kgYmVuZWZpdC4gTmV0IGluY29tZSBtYXJnaW4gaW4gUTQgd2FzIDE5LjMlIGFuZCBmb3IgdGhlIGZ1bGwgeWVhciB3YXMgMTguNyUuIE91ciBFUFMgZ3JldyAxMS4yJSBkdXJpbmcgdGhlIHllYXIuIEVmZmVjdGl2ZSB0YXggcmF0ZSBmb3IgdGhlIHllYXIgd2FzIDI1LjclLiBJdCdzIHdvcnRoIG5vdGluZyB0aGF0IHRoaXMgaGFzIHJpc2VuIHN0ZWFkaWx5IGZyb20gYWJvdXQgMjQlIGluIEZZIDE5IGFzIG1vcmUgb2Ygb3VyIGZhY2lsaXRpZXMgY29tZSBvdXQgb2YgU0VaIHRheCBiZW5lZml0LiBPdXIgYWNjb3VudHMgcmVjZWl2YWJsZSB3YXMgYXQgNjUgRFNPIGluIGRvbGxhciB0ZXJtcywgZG93biAxIGRheSBzZXF1ZW50aWFsbHkuIE5ldCBjYXNoIGZyb20gb3BlcmF0aW9ucyB3YXMgYDExOC42NCBiaWxsaW9uLCB3aGljaCBpcyAxMDQlIG9mIG5ldCBpbmNvbWUuIEZyZWUgY2FzaCBmbG93cyB3ZXJlIGF0IGAxMTAuOTUgYmlsbGlvbiBhbmQgaW52ZXN0ZWQgZnVuZHMgYXQgdGhlIGVuZCBvZiBNYXJjaCBzdG9vZCBhdCBgNDk4LjIzIGJpbGxpb24uIFRoZSBCb2FyZCBoYXMgcmVjb21tZW5kZWQgYSBmaW5hbCBkaXZpZGVuZCBvZiBgMjQgcGVyIHNoYXJlLCBicmluZ2luZyB0aGUgdG90YWwgZGl2aWRlbmQgZm9yIHRoZSB5ZWFyIHRvIGAxMTUgcGVyIHNoYXJlLiBGb3IgdGhlIGZ1bGwgeWVhciwgaW5jbHVkaW5nIHRoZSBidXliYWNrIHRheCBwYWlkIG91dCBhdCB0aGUgYmVnaW5uaW5nIG9mIEFwcmlsLCB0aGUgY29tcGFueSdzIHNoYXJlaG9sZGVyIHBheW91dCB3YXMgYDQ1LDYwMiBjcm9yZS4gT3ZlciB0byB5b3UsIE1pbGluZC4=
TS_EC_Q4_FY2024_0006,6,Milind Lakkad,VGhhbmsgeW91LCBTYW1pci4gV2UgYXJlIGhvbm9yaW5nIGFsbCB0aGUgam9iIG9mZmVycyBhbmQgaGFkIGEgbmV0IGFkZGl0aW9uIG9mIDgyMSBlbXBsb3llZXMgaW4gUTQgYW5kIDIyLDYwMCBlbXBsb3llZXMgZm9yIHRoZSBmdWxsIHllYXIsIHJlc3VsdGluZyBpbiBhIGNsb3NpbmcgaGVhZGNvdW50IG9mIDYxNCw3OTUuIFRoZXNlIG51bWJlcnMgbWFzayB0aGUgZnVsbCBleHRlbnQgdG8gd2hpY2ggd2UgaGFkIHJhbXBlZC11cCBvdXIgdGFsZW50IGFjcXVpc2l0aW9uIGR1cmluZyB0aGUgeWVhciB0byBjb3BlIHVwIHdpdGggdGhlIHVucHJlY2VkZW50ZWQgY2h1cm4gaW4gdGhlIGZpcnN0IGhhbGYgb2YgdGhlIHllYXIuIFdlIG9uYm9hcmRlZCBvdmVyIDQ0LDAwMCBmcmVzaGVycywgYW5kIG91ciBoaWdoZXN0IGV2ZXIgbnVtYmVyIG9mIGV4cGVyaWVuY2VkIHByb2Zlc3Npb25hbHMgZHVyaW5nIHRoZSB5ZWFyLiBXZSBjb250aW51ZSB0byBoYXZlIGEgdmVyeSBkaXZlcnNlIHdvcmtmb3JjZSB3aXRoIDE1MCBuYXRpb25hbGl0aWVzIHJlcHJlc2VudGVkIGFuZCB3aXRoIHdvbWVuIG1ha2luZyB1cCAzNS43JSBvZiB0aGUgYmFzZS4gT3VyIGludmVzdG1lbnQgaW4gb3JnYW5pYyB0YWxlbnQgZGV2ZWxvcG1lbnQgY29udGludWVzIHRvIGRlbGl2ZXIgZXhjZXB0aW9uYWwgb3V0Y29tZXMuIEluIEZZIDIzIFRDU2VycyBsb2dnZWQgNDguMyBtaWxsaW9uIGxlYXJuaW5nIGhvdXJzIGFuZCBhY3F1aXJlZCBhcm91bmQgNiBtaWxsaW9uIGNvbXBldGVuY2llcy4gSW5jcmVhc2VkIHJpZ29yIGFuZCBmb2N1cyBvbiBleHRlcm5hbCBjZXJ0aWZpY2F0aW9ucyByZXN1bHRlZCBpbiA1MywwMDAgVENTZXMgYWNxdWlyaW5nIGNlcnRpZmljYXRpb25zIG9uIGh5cGVyc2NhbGVyIGNsb3VkIHNraWxscyBkdXJpbmcgdGhlIHllYXIsIGJyaW5naW5nIHRoZSB0b3RhbCBudW1iZXIgb2Ygc3VjaCBjZXJ0aWZpY2F0aW9ucyB0byBvdmVyIDExMCwwMDAgYW5kIG1ha2luZyBUQ1Mgb25lIG9mIHRoZSB0b3AtMiBwYXJ0bmVycyBvZiB0aGUgbGFyZ2VzdCBjbG91ZCBwcm92aWRlcnMuIE91ciBjb2hvcnQgb2YgY29udGV4dHVhbCBtYXN0ZXJzIGNvbnRpbnVlcyB0byBleHBhbmQgYW5kIGlzIGN1cnJlbnRseSBvdmVyIDYyLDAwMCBzdHJvbmcuIFdlIGFyZSBpbnZlc3RpbmcgaW4gZ3Jvb21pbmcgdGhlbSBpbnRvIGZ1dHVyZSB0cmFuc2Zvcm1hdGlvbiBsZWFkZXJzIGJ5IGNvbGxhYm9yYXRpbmcgd2l0aCBJdnkgTGVhZ3VlIEItU2Nob29scyB0byBjcmVhdGUgdGFpbG9yZWQgbGVhZGVyc2hpcCBkZXZlbG9wbWVudCBwcm9ncmFtcyBmb3IgdGhlbS4gV2UgYXJlIGFsc28gaGVscGluZyBvdXIgbWlkLWxldmVsIGVtcGxveWVlcyBnYWluIG1hcmtldCByZWxldmFudCBza2lsbHMsIHNvIHRoYXQgdGhleSBjYW4gZ3JvdyBmYXN0ZXIgaW4gVENTLiBUaGUgY3VyYXRlZCBwcm9ncmFtcyB3ZSBoYXZlIGRlc2lnbmVkIGZvciB0aGVtIGhhdmUgc2VlbiBtYXNzaXZlIHBhcnRpY2lwYXRpb24gb2Ygb3ZlciA5MCUgb2YgdGhhdCBjb2hvcnQsIHdpdGggb3ZlciA2MCUgcmVjZWl2aW5nIGNlcnRpZmljYXRpb25zLiBBcyBtb3JlIGFuZCBtb3JlIGVtcGxveWVlcyBzdGFydGVkIHJldHVybmluZyB0byB3b3JrIGluIHRoZSBjb3Vyc2Ugb2YgdGhlIHllYXIsIHdlIGhhdmUgYmVlbiByYW1waW5nLXVwIHBoeWdpdGFsIHRyYWluaW5nIHRvIGVuaGFuY2UgbGVhcm5pbmcgb3V0Y29tZXMuIE92ZXIgODAsMDAwIGVtcGxveWVlcyBoYXZlIGJlbmVmaXRlZCBmcm9tIHN1Y2ggaW4tcGVyc29uIHRyYWluaW5nIGluIFE0LiBYY2VsZXJhdGUsIG91ciBpbmR1c3RyeSByZWNvZ25pemVkIHRhbGVudCB0cmFuc2Zvcm1hdGlvbiBwbGF0Zm9ybSBoYXMgc2VlbiBuZWFybHkgNDAwLDAwMCBUQ1NlcyByZWNvcmQgdGhlaXIgY2FyZWVyIGFzcGlyYXRpb25zLCBvZiB3aGljaCAxMDAsMDAwIGFyZSBwcm9ncmVzc2luZyB0b3dhcmRzIHRoZWlyIGFzcGlyZWQgcm9sZS4gU2ltaWxhcmx5LCBvdXIgYXdhcmQtd2lubmluZyBFbGV2YXRlIHByb2dyYW0sIHdoaWNoIGxpbmtzIGxlYXJuaW5nIHRvIGNhcmVlciBncm93dGgsIGhhcyBvdmVyIDQwNywwMDAgZW1wbG95ZWVzIHBhcnRpY2lwYXRpbmcgaW4gaXQuIE91ciBMVE0gYXR0cml0aW9uIGluIElUIHNlcnZpY2VzIHdhcyBhdCAyMC4xJSwgZG93biAxLjIlIHNlcXVlbnRpYWxseSwgYnV0IHN0aWxsIHZlcnkgaGlnaCBiZWNhdXNlIGl0IHJlZmxlY3RzIHRoZSB1bnByZWNlZGVudGVkIGxldmVscyBvZiBjaHVybiBpbiBwcmlvciBxdWFydGVycy4gT3VyIHF1YXJ0ZXJseSBhbm51YWxpemVkIGF0dHJpdGlvbiBvbiB0aGUgb3RoZXIgaGFuZCwgZmVsbCBieSBvdmVyIDQlIHNlcXVlbnRpYWxseSBhbmQgYnkgY2xvc2UgdG8gMTAlIGZyb20gdGhlIHBlYWsgbGV2ZWwgaW4gUTIuIE92ZXIgdG8geW91LCBOR1MsIGZvciBzb21lIGNvbG9yIG9uIHNlZ21lbnRzIGFuZCBwcm9kdWN0aW9uIHBsYXRmb3Jtcy4gT3ZlciB0byB5b3Uu
TS_EC_Q4_FY2024_0007,7,N G Subramaniam,VGhhbmsgeW91LCBNaWxpbmQuIExldCBtZSB3YWxrIHlvdSB0aHJvdWdoIG91ciBzZWdtZW50YWwgcGVyZm9ybWFuY2UgZGV0YWlscyBmb3IgdGhlIHF1YXJ0ZXIuIEFsbCBncm93dGggbnVtYmVycyBhcmUgb24geWVhci1vbi15ZWFyIGNvbnN0YW50IGN1cnJlbmN5IGJhc2lzLiBGcm9tIGFuIGluZHVzdHJ5IHZlcnRpY2FsIHBlcnNwZWN0aXZlLCBncm93dGggaW4gRlkgMjMgd2FzIGxlZCBieSBSZXRhaWwgYW5kIENQRyAoKzE5LjclKSBhbmQgQ29tbXVuaWNhdGlvbnMgYW5kIE1lZGlhICgrMTQlKS4gQWxsIG90aGVyIHZlcnRpY2FscyBncmV3IGluIGEgbmFycm93IGJhbmQgYXJvdW5kIHRoZSBjb21wYW55IGF2ZXJhZ2UuIFRlY2hub2xvZ3kgYW5kIFNlcnZpY2VzIGdyZXcgYnkgMTMuNyUsIExpZmUgU2NpZW5jZXMgYW5kIEhlYWx0aGNhcmUgZ3JldyBieSAxMy4zJSwgTWFudWZhY3R1cmluZyBncmV3IGJ5IDEzJSwgYW5kIEJGU0kgYnkgMTEuOCUuIEluIFE0LCBjdXN0b21lciBzZW50aW1lbnQgYWNyb3NzIEJGU0ksIFJldGFpbCBhbmQgVGVjaG5vbG9neSBzZXJ2aWNlcyB2ZXJ0aWNhbHMsIHBhcnRpY3VsYXJseSBpbiBFdXJvcGUgYW5kIFVTLCB3YXMgb25lIG9mIGNhdXRpb24uIFdlIHNhdyBjbGllbnRzIGRlZmVycmluZyBuZXdlciBpbml0aWF0aXZlcyB3aGljaCB3ZXJlIG5vdCBjcml0aWNhbCwgYW5kIGluIHNvbWUgY2FzZXMsIGNvbXBsZXRlbHkgaGFsdCBkaXNjcmV0aW9uYXJ5IHByb2plY3RzLiBBbnhpZXR5IGFyb3VuZCB0aGUgc3RhYmlsaXR5IG9mIHRoZSBiYW5raW5nIHNlY3RvciBpbiBNYXJjaCBhbHNvIGFkZGVkIHRvIHRoZSB1bmNlcnRhaW50eS4gQ29uc2VxdWVudGx5LCBncm93dGggZGVjZWxlcmF0ZWQgYWNyb3NzIGFsbCB2ZXJ0aWNhbHMuIFE0IGdyb3d0aCB3YXMgbGVkIGJ5IFJldGFpbCBhbmQgQ1BHLCB3aGljaCBncmV3IGJ5IDEzJSwgYW5kIExpZmUgU2NpZW5jZXMgYW5kIEhlYWx0aGNhcmUgd2hpY2ggZ3JldyBieSAxMi4zJS4gT3RoZXIgdmVydGljYWxzIGdyZXcgaW4gc2luZ2xlIGRpZ2l0cy4gVGVjaG5vbG9neSBhbmQgU2VydmljZXMgZ3JldyBieSA5LjIlLCBCRlNJIGJ5IDkuMSUsIE1hbnVmYWN0dXJpbmcgYnkgOS4xJSwgYW5kIENvbW11bmljYXRpb24gJiBNZWRpYSBieSA1LjMlLiBJbiB0ZXJtcyBvZiBnZW9ncmFwaHksIGZ1bGwteWVhciBncm93dGggd2FzIGxlZCBieSBOb3J0aCBBbWVyaWNhICgrMTUuMyUpLCBVSyAoKzE1JSkgYW5kIENvbnRpbmVudGFsIEV1cm9wZSAoKzExJSkuIEluIGVtZXJnaW5nIG1hcmtldHMsIExhdGluIEFtZXJpY2EgZ3JldyBieSAxNy4zJSwgSW5kaWEgYnkgMTQuNiUsIE1pZGRsZSBFYXN0IGFuZCBBZnJpY2EgYnkgNy44JSBhbmQgQXNpYS1QYWNpZmljIGdyZXcgYnkgNy42JS4gVGhlIGluY3JlYXNlZCBjYXV0aW9uIGluIFE0IHJlc3VsdGVkIGluIGEgZGVjZWxlcmF0aW9uIGluIG1hbnkgbWFya2V0cywgYnV0IG5vdCBpbiB0aGUgVW5pdGVkIEtpbmdkb20uIFE0IGdyb3d0aCB3YXMgYWxzbyBsZWQgYnkgVW5pdGVkIEtpbmdkb20sIHdoZXJlIGdyb3d0aCBhY2NlbGVyYXRlZCB0byAxNyUuIE5vcnRoIEFtZXJpY2EgZ3JldyBieSA5LjYlLCB3aGlsZSBDb250aW5lbnRhbCBFdXJvcGUgZ3JldyBieSA4LjQlLiBJbiBlbWVyZ2luZyBtYXJrZXRzLCBMYXRpbiBBbWVyaWNhIGdyZXcgYnkgMTUuMSUsIEluZGlhIGJ5IDEzLjQlLCBNaWRkbGUgRWFzdCwgQWZyaWNhIGJ5IDExLjMlIGFuZCBBc2lhLVBhY2lmaWMgYnkgNy41JS4gT3VyIGluZHVzdHJ5LWxlYWRpbmcgcG9ydGZvbGlvIG9mIHByb2R1Y3RzIGFuZCBwbGF0Zm9ybXMgaGFkIGEgdmVyeSBnb29kIHF1YXJ0ZXIuIGlnbmlv4oSiLCBvdXIgY29nbml0aXZlIGF1dG9tYXRpb24gc29mdHdhcmUsIHNpZ25lZCB1cCA1IG5ldyBjdXN0b21lcnMgYW5kIDEyIGNsaWVudHMgd2VudCBsaXZlIGluIFE0LiBFY29ub21pYyB1bmNlcnRhaW50eSBpcyBmdXJ0aGVyIGRyaXZpbmcgY3VzdG9tZXJzIHRvIGFjY2VsZXJhdGUgZWZmaWNpZW5jeSB0aHJvdWdoIGF1dG9tYXRpb24uIFRoaXMgaXMgcmVzdWx0aW5nIGluIGluY3JlYXNlZCBpbnZlc3RtZW50IGluIEFJT3BzIGFuZCBBSS9NTCB0ZWNobm9sb2dpZXMuIGlnbmlvIGNvbnRpbnVlcyB0byBiZSB3ZWxsLXBvc2l0aW9uZWQgYXMgYW4gZW5kLXRvLWVuZCBwbGF0Zm9ybSB3aXRoIHBvaW50IHNvbHV0aW9ucyBmb3IgbW9uaXRvcmluZywgQUkvTUwgYW5hbHl0aWNzLCBjbG91ZCBoeWJyaWQgaW5mcmFzdHJ1Y3R1cmUgY292ZXJhZ2UsIGFuZCBzbyBvbi4gVENTIEJhTkNT4oSiLCBvdXIgZmxhZ3NoaXAgcHJvZHVjdCBzdWl0ZSBmb3IgZmluYW5jaWFsIHNlcnZpY2VzLCBoYWQgMiBuZXcgd2lucyBhbmQgNiBnbyBsaXZlcyBkdXJpbmcgdGhlIHF1YXJ0ZXIuIEZvciBhIGxlYWRpbmcgc2F2aW5ncyBhbmQgaW52ZXN0bWVudCBjb21wYW55IGluIHRoZSBVSywgd2Ugc3VjY2Vzc2Z1bGx5IGNvbXBsZXRlZCB0aGUgbWlncmF0aW9uIG9mIGFubnVpdHkgYm9va3Mgc29sZCBieSB0aGUgY3VzdG9tZXIgdG8gYSBzcGVjaWFsaXN0IGluc3VyZXIgb250byBUQ1MgQmFOQ1MsIGFuZCBhbHNvIGNvbXBsZXRlZCB0aGUgZmlyc3QgcGhhc2Ugb2YgbWlncmF0aW9uIGZyb20gYSBoZXJpdGFnZSBsYW5kc2NhcGUgdG8gYSBwdWJsaWMgY2xvdWQuIE91ciBRdWFydHogYmxvY2tjaGFpbiBwbGF0Zm9ybSBoYXMgcGFydG5lcmVkIHdpdGggQml0Y29pbiBTdWlzc2UgdG8gYnVpbGQgYSBuZXh0LWdlbmVyYXRpb24gY3J5cHRvIGZpbmFuY2lhbCB0ZWNobm9sb2d5IHBsYXRmb3JtLCBzdXBwb3J0aW5nIHRoZSBsYXR0ZXLigJlzIGpvdXJuZXkgb2YgYmVjb21pbmcgdGhlIGxlYWRpbmcgZ2xvYmFsIGNyeXB0byBmaW5hbmNpYWwgc2VydmljZXMgcHJvdmlkZXIuIEluIExpZmUgU2NpZW5jZXMsIHdlIGxhdW5jaGVkIGEgbmV3IHNvbHV0aW9uIGluIFRDUyBBRETihKIsIG91ciBBZHZhbmNlZCBEcnVnIERldmVsb3BtZW50IHBsYXRmb3JtLiBUQ1MgQUREIE1lZGljYWwgV3JpdGluZyBpcyBhIG9uZS1zdG9wIEFJLWFzc2lzdGVkIHNvbHV0aW9uIGZvciBmYXN0LCBpbnRlbGxpZ2VudCBhdXRob3JpbmcgYW5kIHJldmlldyBvZiByZWd1bGF0b3J5IGFuZCBzY2llbnRpZmljIGRvY3VtZW50cyBmb3IgZHJ1Z3MgYW5kIGRldmljZXMuIFRDUyBPbW5pU3RvcmXihKIsIG91ciBBSS1wb3dlcmVkIHVuaXZlcnNhbCBjb21tZXJjZSBzdWl0ZSwgaGFkIDEgZ28tbGl2ZSB0aGlzIHF1YXJ0ZXIuIFRDUyBIT0JT4oSiLCBvdXIgc3VpdGUgb2YgcHJvZHVjdHMgZm9yIGNvbW11bmljYXRpb25zIHNlcnZpY2UgcHJvdmlkZXJzLCBoYWQgMSBuZXcgd2luIGFuZCA0IGdvIGxpdmVzLiBUQ1MgVHdpbljihKIsIG91ciBkaWdpdGFsIHR3aW4gc29sdXRpb24sIGhhZCAzIHdpbnMgYW5kIDEgZ28gbGl2ZS4gVENTIGlPTiBoYWQgMjMgbmV3IHdpbnMgYW5kIDMgcmVuZXdhbHMgaW4gUTQuIER1cmluZyB0aGlzIHBlcmlvZCwgaXQgc2VydmVkIG92ZXIgNTQgYXNzZXNzbWVudCBjdXN0b21lcnMgYW5kIGFkbWluaXN0ZXJlZCBhc3Nlc3NtZW50cyB0byAxOCBtaWxsaW9uIGNhbmRpZGF0ZXMuIE92ZXIgMSw5MDAgY29ycG9yYXRlcyBsZXZlcmFnZSB0aGUgVENTIE5hdGlvbmFsIFF1YWxpZmllciBUZXN0IG5vdyBhcyB0aGVpciBlbnRyeS1sZXZlbCByZWNydWl0bWVudCBwbGF0Zm9ybS4gTGFzdGx5LCBNYXN0ZXJDcmFmdOKEoiBhbmQgSmlsZeKEoiB3b24gMjYgbmV3IGNsaWVudHMgaW4gUTQuIExldCBtZSBub3cgZ28gb3ZlciBvdXIgY2xpZW50IG1ldHJpY3MuIEFzIHlvdSBhcmUgYXdhcmUsIG91ciBjdXN0b21lci1jZW50cmljIGJ1c2luZXNzIG1vZGVsIHJlc3RzIG9uIG91ciBhYmlsaXR5IHRvIGNvbnRpbnVhbGx5IGV4cGFuZCBhbmQgZGVlcGVuIG91ciBjbGllbnQgcmVsYXRpb25zaGlwcy4gVGhlc2UgbWV0cmljcyBwcm92aWRlIGEgbWVhc3VyZSBvZiBvdXIgcHJvZ3Jlc3MgaW4gdGhlIGpvdXJuZXkgYW5kIGEgdmFsaWRhdGlvbiBvZiB0aGUgc3RyYXRlZ3kuIEluIFE0LCB3ZSBhZGRlZCAyIG1vcmUgY2xpZW50cyB5ZWFyIG9uIHllYXIgaW4gdGhlICQxMDAgbWlsbGlvbisgYmFuZCwgYnJpbmdpbmcgdGhlIHRvdGFsIHRvIDYwOyAzMCBtb3JlIGNsaWVudHMgaW4gdGhlICQ1MCBtaWxsaW9uKyBiYW5kLCBicmluZ2luZyB0aGUgdG90YWwgdG8gMTMzOyAyMyBtb3JlIGNsaWVudHMgaW4gdGhlICQyMCBtaWxsaW9uKyBiYW5kLCBicmluZ2luZyB0aGUgdG90YWwgdG8gMjkxOyAyMiBtb3JlIGNsaWVudHMgaW4gdGhlICQxMCBtaWxsaW9uKyBiYW5kLCBicmluZ2luZyB0aGUgdG90YWwgdG8gNDYxOyAyNyBtb3JlIGNsaWVudHMgaW4gdGhlICQ1IG1pbGxpb24rIGJhbmQsIHRvdGFsaW5nIDY2NSBhbmQgNTkgbW9yZSBjbGllbnRzIGluIHRoZSAkMSBtaWxsaW9uKyBiYW5kIGJyaW5naW5nIHRoZSB0b3RhbCB0byAxLDI0MS4gT3ZlciB0byBSYWplc2ggdG8gc3BlYWsgb24gZGVtYW5kIGRyaXZlcnMgZHVyaW5nIHRoZSBxdWFydGVyLg==
TS_EC_Q4_FY2024_0008,8,Rajesh Gopinathan,VGhhbmsgeW91LCBOR1MuIEluIGhpcyBzZWdtZW50YWwgY29tbWVudGFyeSwgTkdTIHNwb2tlIG9mIHRoZSBjYXV0aW91cyBzdGFuY2UgdGhhdCBtYW55IG9mIG91ciBjbGllbnRzIGhhdmUgdGFrZW4sIHBhcnRpY3VsYXJseSBpbiBOb3J0aCBBbWVyaWNhIGFuZCBFdXJvcGUuIFRoaXMgaGFzIHJlc3VsdGVkIGluIGEgZGljaG90b215LiBPbiB0aGUgb25lIGhhbmQsIHdlIHNhdyBjbGllbnRzIGhpdHRpbmcgdGhlIHBhdXNlIGJ1dHRvbiBvbiBvbmdvaW5nIGRpc2NyZXRpb25hcnkgcHJvamVjdHMgYW5kIGRlZmVycmluZyBuZXcgbm9uLWNyaXRpY2FsIHByb2plY3RzLCBhZmZlY3Rpbmcgb3VyIHJldmVudWUgZ3Jvd3RoIGluIFE0IGFjcm9zcyBtb3N0IGluZHVzdHJ5IHZlcnRpY2FscyBpbiBOb3J0aCBBbWVyaWNhIGFuZCBFdXJvcGUuIEF0IHRoZSBzYW1lIHRpbWUsIHdlIHNhdyBjbGllbnRzIGxhdW5jaCBtb3JlIG5ldyBpbml0aWF0aXZlcyBvcmllbnRlZCB0b3dhcmRzIGNvc3Qgb3B0aW1pemF0aW9uIG9yIHN0cmF0ZWdpY2FsbHkgaW1wb3J0YW50IHByb2plY3RzLCByZXN1bHRpbmcgaW4gYSB2ZXJ5IHN0cm9uZyBkZWFsIGZsb3cgYW5kIHBpcGVsaW5lIHJlcGxlbmlzaG1lbnQgZHVyaW5nIHRoZSBxdWFydGVyLiBJbiB0ZXJtcyBvZiBkZW1hbmQgdHJlbmRzLCB3ZSBzYXcgYSBzcGlrZSBpbiBvcGVyYXRpbmcgbW9kZWwgdHJhbnNmb3JtYXRpb24gZGVhbHMuIEluIEZZIDIzLCB3ZSBzaWduZWQgMjkgbGFyZ2Ugb3BlcmF0aW5nIG1vZGVsIHRyYW5zZm9ybWF0aW9uIGRlYWxzLCBidXNpbmVzcyBhcyB3ZWxsIGFzIElUIG9wZXJhdGlvbnMsIGNvbXBhcmVkIHRvIDE4IGluIHRoZSBwcmlvciB5ZWFyLiBXZSBhbHNvIGNvbnRpbnVlIHRvIHNlZSB2ZW5kb3IgY29uc29saWRhdGlvbiBhbmQgbXVsdGktc2VydmljZSBkZWFscy4gVENTIENvZ25peOKEoiwgb3VyIHN1aXRlIG9mIG92ZXIgNjAwIHByZS1idWlsdCBhdXRvbWF0aW9uIGNvbXBvbmVudHMsIGlzIGdhaW5pbmcgdHJhY3Rpb24gYmVjYXVzZSBpdCBzaWduaWZpY2FudGx5IGFjY2VsZXJhdGVzIHRoZSBvcGVyYXRpb25zIHRyYW5zZm9ybWF0aW9uIGFuZCBoZWxwcyBjbGllbnRzIHJlYWxpemUgdGhlaXIgUk9JIG11Y2ggZWFybGllciwgYWxsIHRoZSBtb3JlIHJlbGV2YW50IGluIHRoZSBjdXJyZW50IGVudmlyb25tZW50LiBJbiBGWTIzLCBDb2duaXggaGVscGVkIHdpbiBvdmVyICQxLjYgYmlsbGlvbiBvZiBUQ1YuIExldCBtZSBzaGFyZSB0d28gZXhhbXBsZXMgb2Ygb3BlcmF0aW9ucyB0cmFuc2Zvcm1hdGlvbiBleGVjdXRlZCB1c2luZyBDb2duaXguIEEgVVMtYmFzZWQgbXVsdGluYXRpb25hbCBvaWwgZmllbGQgc2VydmljZXMgY29tcGFueSBlbmdhZ2VkIFRDUyB0byBidWlsZCBhIGZ1dHVyZS1yZWFkeSBmaW5hbmNlIG9yZ2FuaXphdGlvbi4gV2UgZGVwbG95ZWQgVENTIENvZ25peCB0byBsZXZlcmFnZSBpbnRlbGxpZ2VudCBhdXRvbWF0aW9uIGFuZCBzb2x2ZSB0aGUgcHJvYmxlbSBvZiBpbnRlcmNvbXBhbnkgbWlzbWF0Y2ggb2YgZmluYW5jaWFsIGVudHJpZXMsIGFyaXNpbmcgZnJvbSBkaXNwYXJhdGUgYW5kIHNpbG9lZCBvcGVyYXRpb25zIGFjcm9zcyA0NTAtcGx1cyBidXNpbmVzcyBlbnRpdGllcyBhbmQgODAgY291bnRyaWVzLiBUaGUgcHJvZ3JhbSBoZWxwZWQgc3Vic3RhbnRpYWxseSBicmluZyBkb3duIGluc3RhbmNlcyBvZiB1bnJlY29uY2lsZWQgZW50cmllcywgaW1wcm92ZSBrZXkgbWV0cmljcyBzdGFiaWxpdHkgYW5kIHNwZWVkZWQgdXAga2V5IHByb2Nlc3Nlcy4gU2ltaWxhcmx5LCBhIFVLLWJhc2VkIFRlbGNvIGNob3NlIFRDUyBhcyBpdHMgc3RyYXRlZ2ljIHBhcnRuZXIgdG8gcmV2YW1wIGl0cyBJVCBpbmZyYXN0cnVjdHVyZSBiYWNrYm9uZSBmb3IgcmVzaWxpZW50LCBhbHdheXMtb24gY29tbXVuaWNhdGlvbiBzZXJ2aWNlLiBUQ1MgbGV2ZXJhZ2VkIGl0cyBkZWVwIGNvbnRleHR1YWwga25vd2xlZGdlLCBUQ1MgQ29nbml4LCBhbmQgTUZETSB0byBkZWxpdmVyIHRoZSB0cmFuc2Zvcm1hdGlvbi4gVGhpcyByZXN1bHRlZCBpbiBhIHJvYnVzdCBvcGVyYXRpbmcgbW9kZWwgdGhhdCBkZWxpdmVyZWQgaGlnaGVyIGxldmVscyBvZiBjZXJ0YWludHkgd2l0aCB1bmludGVycnVwdGVkIGFuZCBlbmhhbmNlZCBzZXJ2aWNlcyBmb3IgaXRzIGN1c3RvbWVycy4gVGhlIHN1cGVyaW9yIHF1YWxpdHkgb2Ygc2VydmljZSBjb250cmlidXRlZCB0byBpbmR1c3RyeS1sZWFkaW5nIGN1c3RvbWVyIHNhdGlzZmFjdGlvbiwgaW1wcm92ZWQgTlBTIGFuZCBsb3dlciBjaHVybi4gSW4gUTQsIHdlIHdvbiBhbiBhbGwtdGltZSBoaWdoIG51bWJlciBvZiBsYXJnZSBvcGVyYXRpb25zIHRyYW5zZm9ybWF0aW9uIGRlYWxzLiBIZXJlIGFyZSBhIGNvdXBsZSBvZiBleGFtcGxlcy4gVENTIHdhcyBzZWxlY3RlZCBieSBJSEcgSG90ZWxzIGFuZCBSZXNvcnRzLCBvbmUgb2YgdGhlIHdvcmxkJ3MgbGVhZGluZyBob3RlbCBjb21wYW5pZXMgdG8gZHJpdmUgZW50ZXJwcmlzZSBwcm9jZXNzIGF1dG9tYXRpb24gYWNyb3NzIHNldmVyYWwgSUhHIGJ1c2luZXNzZXMgYW5kIGJ1c2luZXNzIHZlcnRpY2FscywgaW5jbHVkaW5nIGZpbmFuY2UsIHRyYXZlbCBhZ2VudCBjb21taXNzaW9uLCByZXZlbnVlIGNvbXBsaWFuY2UgYW5kIGF1ZGl0LCByZXZlbnVlIHNlcnZpY2VzLCBzYWxlcyBhbmQgSFIuIFRoZSBwcm9ncmFtIGFpbXMgdG8gZGlnaXRpemUgYW5kIGF1dG9tYXRlIGJ1c2luZXNzIHByb2Nlc3NlcyB0byBkcml2ZSBlZmZpY2llbmNpZXMgYW5kIGNvc3Qgb3B0aW1pemF0aW9uIGFjcm9zcyB0aGUgZW50ZXJwcmlzZS4gU2ltaWxhcmx5LCBEZWx0YSBBaXJsaW5lcyBoYXMgcGFydG5lcmVkIHdpdGggVENTIG9uIHNvbHV0aW9ucyBhcm91bmQgY29nbml0aXZlIGJ1c2luZXNzIG9wZXJhdGlvbnMgYW5kIGNsb3VkIG1hbmFnZW1lbnQgdG8gYmV0dGVyIGVuYWJsZSBlbnRlcnByaXNlIHJlc2lsaWVuY3kgYW5kIHJlbGlhYmlsaXR5LiBUaGUgb3RoZXIgZGVtYW5kIGRyaXZlciBpcyBjbG91ZCB0cmFuc2Zvcm1hdGlvbiwgd2hpY2ggcmVtYWlucyBhIHZlcnkgc3Ryb25nIGZvY3VzIGFyZWEgZm9yIG91ciBjbGllbnRzIGFuZCBhIGtleSBncm93dGggZHJpdmVyIGZvciB1cy4gRHVyaW5nIHRoZSB5ZWFyLCBjbGllbnRzIGVuZ2FnZWQgdXMgdG8gdGFrZSB1cCB0aGVpciBtb3JlIGNvbXBsZXgsIGJpZ2dlciB3b3JrbG9hZHMgYW5kIGFjY2VsZXJhdGUgdGhlIG1vZGVybml6YXRpb24gYW5kIG1pZ3JhdGlvbiB0byB0aGUgY2xvdWQuIFRoaXMgdHJlbmQgY29udGludWVkIGluIFE0IGFuZCB3ZSB3b24gc2V2ZXJhbCBuZXcgZGVhbHMgYXJvdW5kIHRoaXMgZmllbGQuIExldCBtZSBzaGFyZSBhIGZldyBleGFtcGxlcyBvZiByZWNlbnQgY2xvdWQgdHJhbnNmb3JtYXRpb24gZW5nYWdlbWVudHMuIEEgbGVhZGluZyBnbG9iYWwgc29mdHdhcmUgY29tcGFueSBoYXMgcGFydG5lcmVkIHdpdGggVENTIHRvIGVuYWJsZSBpdHMgU2FhUyBidXNpbmVzcyBtb2RlbCBhbmQgR1RNIHN0cmF0ZWd5LiBUQ1MgaXMgaGVscGluZyBtb2Rlcm5pemUgcHJvZHVjdHMgYWNyb3NzIGZvdXIgbGluZXMgb2YgYnVzaW5lc3MgYW5kIG1ha2UgdGhlbSBoeXBlcnNjYWxlci1yZWFkeS4gTGV2ZXJhZ2luZyBpdHMgdGhvdWdodCBsZWFkZXJzaGlwLCBjb250ZXh0dWFsIGtub3dsZWRnZSwgSVBzIGxpa2UgVENTIENsb3VkIEV4cG9uZW5jZSBhbmQgVENTIENsb3VkIEFzc3VyYW5jZSwgYW5kIG91ciBlY29zeXN0ZW0gb2YgaHlwZXJzY2FsZXIgcGFydG5lcnMsIFRDUyBoZWxwZWQgbWlncmF0ZSAzMiBTYWFTIHNvbHV0aW9ucyB0byB0aGUgY2xvdWQuIFRoaXMgbWlncmF0aW9uIGlzIGhlbHBpbmcgdGhlIGNsaWVudHMgbWFrZSB0aGVpciBwcm9kdWN0IHN1aXRlIGNsb3VkIHZlbmRvciBhZ25vc3RpYywgYW5kIHRoZXJlYnkgbW9yZSBhdHRyYWN0aXZlIHRvIHRoZWlyIGVuZCBjdXN0b21lcnMuIEEgbGFyZ2UgVVMgY29tbWVyY2lhbCBwcm9wZXJ0eSBhbmQgY2FzdWFsdHkgaW5zdXJhbmNlIGNvbXBhbnkgc2VsZWN0ZWQgVENTIGZvciBpdHMgbXVsdGkteWVhciBhcHBsaWNhdGlvbiBtb2Rlcm5pemF0aW9uIGFuZCBjbG91ZCBtaWdyYXRpb24gam91cm5leSB0byBnYWluIGNvbXBldGl0aXZlIGFkdmFudGFnZSBhbmQgYnVzaW5lc3MgcmVzaWxpZW5jeS4gVENTIHN1Y2Nlc3NmdWxseSBtb2Rlcm5pemVkIHRob3NlIGNyaXRpY2FsIGFwcGxpY2F0aW9ucyBhbmQgc2VhbWxlc3NseSBtaWdyYXRlZCB0aGVtIHRvIHRoZSBjbG91ZC4gVGhpcyBoYXMgcmVuZGVyZWQgdGhlIGNsaWVudCdzIGFwcGxpY2F0aW9uIHN0YWNrIGZ1dHVyZSByZWFkeSBhbmQgcmVhZHkgdG8gc3VwcG9ydCBuZXcgYnVzaW5lc3MgbW9kZWxzIGZvciBwcm9kdWN0IHJvbGxvdXRzLiBUaGUgbW9kZXJuaXphdGlvbiBoYXMgYWxzbyBpbXByb3ZlZCBidXNpbmVzcyByZXNpbGllbmN5IHdpdGggOTklIGltcHJvdmVtZW50IGluIGFwcGxpY2F0aW9uIGF2YWlsYWJpbGl0eSBhbmQgZW5oYW5jZWQgc2VjdXJpdHkuIEZsaWdodCBDZW50ZXIgVHJhdmVsIEdyb3Vw4oCZcywgMzArIHRyYXZlbCBjb21wYW5pZXMgYWNyb3NzIHRoZSB3b3JsZCBmYWNlZCB2YXJ5aW5nIHBhY2Ugb2YgdHJhdmVsIHJlY292ZXJ5LCBjcmVhdGluZyBhIG5lZWQgZm9yIGZsZXhpYmlsaXR5IGFuZCBhYmlsaXR5IHRvIHNjYWxlIGZhc3QuIFRDU+KAmSB0aG91Z2h0IGxlYWRlcnNoaXAgYW5kIGFkdmlzb3J5IGhlbHBlZCBGbGlnaHQgQ2VudGVyIGhhcm5lc3MgdGhlIHBvd2VyIG9mIGNsb3VkIHdpdGggYSB1bmlmaWVkIGdsb2JhbCBhcHByb2FjaC4gTGV2ZXJhZ2luZyBpdHMgY29udGV4dHVhbCBrbm93bGVkZ2UsIFRDUyB0cmFuc2Zvcm1lZCBjcml0aWNhbCBidXNpbmVzcyBmdW5jdGlvbnMgb24gdGhlIG5ldyBtdWx0aS1jbG91ZCBwbGF0Zm9ybSBhbmQgaW1wbGVtZW50ZWQgVENTIENsb3VkIEV4cG9uZW5jZSB0byBwcm92aWRlIG9yY2hlc3RyYXRpb24gYW5kIDI0LzcgbWFuYWdlbWVudC4gRmxpZ2h0IENlbnRlcidzIG5ldyB0ZWNobm9sb2d5IGJhY2tib25lIGhhcyBlbmhhbmNlZCBpdHMgcmVzaWxpZW5jZSwgaW1wcm92ZWQgaXRzIHRpbWUgdG8gbWFya2V0IGFuZCBnaXZlcyBpdCB0aGUgYWJpbGl0eSB0byBkcml2ZSBidXNpbmVzcyB0cmFuc2Zvcm1hdGlvbiBhbmQgY2FwaXRhbGl6ZSBvbiBuZXcgb3Bwb3J0dW5pdGllcy4gTW92aW5nIG9uIHRvIGdyb3d0aCBhbmQgdHJhbnNmb3JtYXRpb24sIGNsaWVudHMgY29udGludWUgdG8gaW52ZXN0IGluIG5ldyBpbml0aWF0aXZlcyBkZXNpZ25lZCB0byBzdXBwb3J0IHRoZWlyIGJ1c2luZXNzIGdyb3d0aCBzdHJhdGVneSwgZWl0aGVyIHRocm91Z2ggaW5ub3ZhdGl2ZSBidXNpbmVzcyBtb2RlbHMsIG5ldyBzZXJ2aWNlcyBvciBieSB0YXJnZXRpbmcgbmV3IG1hcmtldCBzZWdtZW50cyB1c2luZyB0ZWNobm9sb2d5LiBBIGxhcmdlIGZvb2QgcmV0YWlsZXIgaW4gdGhlIFVLIHBhcnRuZXJlZCB3aXRoIFRDUyB0byBpbXBsZW1lbnQgYSB0ZWNobm9sb2d5IGluaXRpYXRpdmUgY3JpdGljYWwgdG8gaXRzIGFzc2V0LWxpZ2h0IGdyb3d0aCBzdHJhdGVneSBvZiBleHBhbmRpbmcgdGhyb3VnaCBmcmFuY2hpc2Ugc3RvcmVzLiBUQ1MgbGV2ZXJhZ2VkIGl0cyBkb21haW4gZXhwZXJ0aXNlIGFuZCBjb250ZXh0dWFsIGtub3dsZWRnZSBvZiB0aGUgY2xpZW50J3MgYXBwbGljYXRpb24gYW5kIElUIGxhbmRzY2FwZSB0byBkZXNpZ24gYSBuZXcgcGxhdGZvcm0gdGhhdCBicmluZ3MgZnJhbmNoaXNlIHN0b3JlcyBvbiBwYXIgd2l0aCBvd25lZCBzdG9yZXMgdGhyb3VnaCBhZHZhbmNlZCBhdXRvbWF0ZWQgbXVsdGktbGV2ZWwgZm9yZWNhc3RzIGFuZCByZXBsZW5pc2htZW50IGNhcGFiaWxpdGllcyB0byBzdHJlYW1saW5lIGludmVudG9yeSBhY3Jvc3MgdGhlaXIgc3VwcGx5IGNoYWluLiBJdCBwcm92aWRlcyBncmVhdGVyIHZpc2liaWxpdHkgb2Ygc2FsZXMgYW5kIHN0b2NrIG1vdmVtZW50LCBhZ2lsaXR5IGluIGludHJvZHVjaW5nIG5ldyBwcm9kdWN0cyBhbmQgZXZlbiBmbGV4aWJpbGl0eSB0byBjb252ZXJ0IG93bmVkIHN0b3JlcyB0byBmcmFuY2hpc2Ugc3RvcmVzLiBUaGUgbmV3IHBsYXRmb3JtIGVuYWJsZXMgcmFwaWQgb25ib2FyZGluZyBvZiBuZXcgZXhpc3RpbmcgZnJhbmNoaXNlIHN0b3JlcyBhbmQgZW5hYmxpbmcgdGhlIGNsaWVudCB0byBhY2NlbGVyYXRlIHRoZSBleHBhbnNpb24gb2YgaXRzIGZyYW5jaGlzZSBuZXR3b3JrIGFuZCBkcml2ZSBncm93dGguIEluIFE0LCB3ZSB3b24gYSBuZXcgZGVhbCBmcm9tIEJyaWRnZXN0b25lIEFtZXJpY2FzLCB0aGUgbGVhZGluZyBVUy1iYXNlZCB0aXJlIG1hbnVmYWN0dXJlciBhbmQgYW4gZXhpc3RpbmcgY2xpZW50LiBUaGV5IGhhdmUgZW5nYWdlZCB1cyB0byB0cmFuc2Zvcm0gYW5kIGV4cGFuZCB0aGVpciBzdWJzY3JpcHRpb24tYmFzZWQgbW9iaWxpdHkgb2ZmZXJpbmdzIGdsb2JhbGx5LiBUQ1Mgd2lsbCBoZWxwIGRlZmluZSBhIGdsb2JhbCB0ZW1wbGF0ZSBmb3IgdGhlIHN1YnNjcmlwdGlvbiBidXNpbmVzcywgY2F0ZXJpbmcgdG8gdGhlIGRpZmZlcmVudCBsaW5lcyBvZiBidXNpbmVzcyBhbmQgZW5hYmxlIG5ldyBidXNpbmVzcyBtb2RlbHMgYWNyb3NzIGRpZmZlcmVudCBtYXJrZXRzLCBkcml2aW5nIHRoZSBjb21wYW55J3MgZ2xvYmFsIGV4cGFuc2lvbi4gSSdsbCBub3cgaW52aXRlIEtyaXRoaSB0byB0YWxrIGFib3V0IGRlbWFuZCB0cmVuZHMgaW4gQkZTSSBzZWN0b3IgYW5kIG91ciBvcmRlciBib29rLiBPdmVyIHRvIHlvdSwgS3JpdGhpLg==
TS_EC_Q4_FY2024_0009,9,K. Krithivasan,VGhhbmsgeW91LCBSYWplc2guIFRoZSBiYW5raW5nIGFuZCBmaW5hbmNpYWwgc2VydmljZXMgaW5kdXN0cnkgaXMgdGhlIGxhcmdlc3Qgc3BlbmRlciBvbiB0ZWNobm9sb2d5IGFuZCB0aGF0IHJlZmxlY3RzIGluIGl0cyBvdXRzaXplZCBzaGFyZSBvZiByZXZlbnVlcyB3aXRoaW4gVENT4oCZIGJ1c2luZXNzIG1peC4gV2hpbGUgd2Ugc2F3IHNvbWUgc29mdG5lc3MgaW4gQkZTSSBpbiBOb3J0aCBBbWVyaWNhIGR1ZSB0byBkaXNjcmV0aW9uYXJ5IHNwZW5kaW5nIGJlaW5nIHB1dCBvbiBob2xkLCBhbGwgb2YgdGhlIGRlbWFuZCB0cmVuZHMgdGhhdCBSYWplc2ggc3Bva2UgYWJvdXQgYXJlIHZlcnkgdmlzaWJsZSBpbiBCRlNJIGFzIHdlbGwuIENsaWVudHMgY29udGludWVkIHRvIHB1c2ggYWhlYWQgd2l0aCBjbG91ZCBtaWdyYXRpb24sIG9wZXJhdGlvbnMgdHJhbnNmb3JtYXRpb24gYW5kIG90aGVyIHN0cmF0ZWdpYyBHJlQgaW5pdGlhdGl2ZXMuIEFzIHRoZSBsYXJnZXN0IHByb3ZpZGVyIG9mIElUIHNlcnZpY2VzIGluIHRoZSBiYW5raW5nIGFuZCBmaW5hbmNpYWwgc2VydmljZXMgZG9tYWluLCB3aXRoIGRlZXAgZG9tYWluIGV4cGVydGlzZSBhY3Jvc3MgdGhlIGVuZC10by1lbmQgZmluYW5jaWFsIHNlcnZpY2VzIHZhbHVlIGNoYWluLCBUQ1MgaXMgZGVlcGx5IGVudHJlbmNoZWQgaW4gdGhlIHNlY3RvcidzIEcmVCBpbml0aWF0aXZlcy4gTGV0IG1lIGJlZ2luIHdpdGggYSBjb3VwbGUgb2YgZXhhbXBsZXMgb2YgcHJvZHVjdCBpbm5vdmF0aW9uLiBBIGdsb2JhbCBpbmZvcm1hdGlvbiBzZXJ2aWNlcyBjb21wYW55IHBhcnRuZXJlZCB3aXRoIFRDUyB0byBsYXVuY2ggYSBuZXcgY29tbWVyY2lhbCBmcmF1ZCBzb2x1dGlvbiBmb3IgYmFua3MgYW5kIG90aGVyIGZpbmFuY2lhbCBzZXJ2aWNlcyBmaXJtcyBhbmQgZHJpdmUgbmV3IHJldmVudWVzIGZvciB0aGUgY2xpZW50LiBUQ1MgbGV2ZXJhZ2VkIGl0cyBkZWVwIGRvbWFpbiBrbm93bGVkZ2UgaW4gdGhpcyBhcmVhIHRvIGRlc2lnbiBhIGNvbXByZWhlbnNpdmUgY29tbWVyY2lhbCBmcmF1ZCBzb2x1dGlvbiB0aGF0IGJsZW5kcyBjb25zdW1lciBhbmQgYnVzaW5lc3MgZGF0YXNldHMgdG8gcHJvdmlkZSBNTC1wb3dlcmVkIHByZWRpY3RpdmUgaW5zaWdodHMgb24gdGhlIGxlZ2l0aW1hY3kgb2YgYnVzaW5lc3NlcywgdGhlaXIgYWJpbGl0eSB0byByZXBheSBhbmQgdGhlIGxpa2VsaWhvb2Qgb2YgY3JlZGl0IGFidXNlLiBUaGUgc29sdXRpb24gb2ZmZXJzIGEgbXVjaCBtb3JlIGNvbXByZWhlbnNpdmUgc2V0IG9mIGNhcGFiaWxpdGllcyBjb21wYXJlZCB0byBjb21wZXRpbmcgcHJvZHVjdHMsIHJlc3VsdGluZyBpbiBhIGdvb2Qgb2ZmdGFrZSBvZiB0aGUgc29sdXRpb24uIFdpdGhpbiB0aGUgZmlyc3QgZmV3IG1vbnRocyBzaW5jZSBpdHMgbGF1bmNoLCB0aGUgbmV3IHNvbHV0aW9uIGhhcyBiZWVuIGFkb3B0ZWQgYnkgdGhlIHRvcCAxMCBiYW5rcyBpbiB0aGUgVVMsIGFuZCBjdXN0b21lcnMgaGF2ZSByZXBvcnRlZCBhIDYyJSBpbXByb3ZlbWVudCBpbiBmcmF1ZCBkZXRlY3Rpb24uIEEgVVMtaGVhZHF1YXJ0ZXJlZCBnbG9iYWwgYmFuayBwYXJ0bmVyZWQgd2l0aCBUQ1MgdG8gdHJhbnNmb3JtIGl0cyBuZXcgY2FyZCBsYXVuY2ggcHJvY2VzcyB0byBnYWluIG1hcmtldCBzaGFyZSBhbmQgZHJpdmUgZ3Jvd3RoLiBMZXZlcmFnaW5nIG91ciBleHBlcnRpc2UgaW4gaHVtYW4tY2VudGVyZWQgZGVzaWduIHRoaW5raW5nLCB3ZSBkZXNpZ25lZCB0aGUgc29sdXRpb24gd2l0aCBhbiBpbnRlcmFjdGl2ZSBVSSBhbmQgYXV0b21hdGVkIHdvcmtmbG93cyB0aGF0IG1ha2UgaXQgZWFzaWVyIGZvciB0aGUgYmFuaydzIGNyZWRpdCBjYXJkIGJ1c2luZXNzIHRvIGNyZWF0ZSBhbmQgbGF1bmNoIG5ldyBwcm9kdWN0cyBpbiB0aGUgbWFya2V0LiBUaGlzIGhhcyBlbmFibGVkIHRoZSBiYW5rIHRvIGxhdW5jaCBuZXcgcHJvZHVjdHMgNzAlIGZhc3Rlci4gTW9yZW92ZXIsIHRoZSByZWltYWdpbmVkIHByb2R1Y3QgZGVzaWduIHdvcmtiZW5jaCBpcyByZXN1bHRpbmcgaW4gYmV0dGVyLCBtb3JlIGNvbXBldGl0aXZlIHByb2R1Y3RzIGFuZCBoYXMgZHJpdmVuIGEgMTAlIGluY3JlYXNlIGluIG5ldy10by1iYW5rIGN1c3RvbWVycy4gQSBsYXJnZSBFdXJvcGVhbiBiYW5rIHBhcnRuZXJlZCB3aXRoIFRDUyB0byB0cmFuc2Zvcm0gaXRzIGVudGVycHJpc2Utd2lkZSBjcmVkaXQgcmlzayBtYW5hZ2VtZW50LiBJdCB3YXMgdXNpbmcgbXVsdGlwbGUgcmlzayBtb2RlbHMgYWNyb3NzIGl0cyBkaWZmZXJlbnQgcG9ydGZvbGlvcywgcmVzdWx0aW5nIGluIGdyZWF0ZXIgY29tcGxleGl0eSwgc2xvd2VyIGRlY2lzaW9uIG1ha2luZyBhbmQgaGlnaGVyIGNvbXBsaWFuY2Ugcmlzay4gVENT4oCZIGNvbnRleHR1YWwgbWFzdGVycyBjb2xsYWJvcmF0ZWQgd2l0aCB0aGUgYmFuaydzIHRlYW1zIHRvIGNvbmNlcHR1YWxpemUgYSBuZXcgY2VudHJhbGl6ZWQsIGNsb3VkLWJhc2VkIHJpc2sgbWFuYWdlbWVudCBwbGF0Zm9ybSB0aGF0IGRlcGxveXMgdGhlIG1vc3QgYXBwcm9wcmlhdGUgcmlzayBtb2RlbCBmb3IgZWFjaCBwb3J0Zm9saW8sIGFuZCBpbmdlc3QgZGF0YSBmcm9tIGFjcm9zcyBlbnRlcnByaXNlIGFuZCBkZXRlcm1pbmVzIHRoZSBjcmVkaXQgd29ydGhpbmVzcyBvZiB0aGUgYm9ycm93ZXIuIFRoZSBzaW1wbGlmaWVkIGxhbmRzY2FwZSBhbmQgY2VudHJhbGl6ZWQgcmlzayBjb250cm9sIGZyYW1ld29yayBoYXMgZW5oYW5jZWQgcmVndWxhdG9yeSBjb21wbGlhbmNlLiBQcm9jZXNzaW5nIHRpbWUgZm9yIGNvbnN1bWVyIGNyZWRpdCByZXF1ZXN0IGlzIGRvd24gZnJvbSAxMCBkYXlzIHRvIDIsIGVuaGFuY2luZyBjdXN0b21lciBzYXRpc2ZhY3Rpb24gYW5kIGRyaXZpbmcgZ3Jvd3RoLiBJbnN0YW50IHByb3Zpc2lvbmluZyBvZiB2ZXJpZmllZCByaXNrIHBhcmFtZXRlcnMgaXMgYWxzbyBoZWxwaW5nIGltcHJvdmUgY2VydGFpbnR5IGluIGNyZWRpdCBvcmlnaW5hdGlvbiBzdXJmYWNlLiBFbmhhbmNpbmcgY3VzdG9tZXIgZXhwZXJpZW5jZSBvbiBkaWdpdGFsIGNoYW5uZWxzIGNvbnRpbnVlcyB0byBiZSBhIGtleSB0cmVuZC4gSGVyZSBpcyBvbmUgZXhhbXBsZSBvZiB0aGF0LiBURCBCYW5rIEdyb3VwIGlzIHdvcmtpbmcgd2l0aCBUQ1MgdG8gY29udGludWUgdG8gdHJhbnNmb3JtIHRoZSBiYW5rJ3MgcHVibGljLWZhY2luZyBkaWdpdGFsIGFzc2V0cy4gVENTIHdpbGwgbGV2ZXJhZ2UgaXRzIGRlZXAgY29udGV4dHVhbCBrbm93bGVkZ2UgYW5kIGNvLWlubm92YXRpb24gbW9kZWwgdG8gYXNzaXN0IFREIHRvIGxhdW5jaCBuZXcgY2FwYWJpbGl0aWVzIGRlc2lnbmVkIHRvIGhlbHAgZGVlcGVuIHRoZSBiYW5rJ3MgcmVsYXRpb25zaGlwIHdpdGggaXRzIGN1c3RvbWVycywgZW5oYW5jZSB0aGUgYmFuaydzIHNlbGYtc2VydmljZSBmZWF0dXJlcyBhbmQgZW1wb3dlciBpdHMgY3VzdG9tZXJzIGFuZCBhZHZpc29ycyB3aXRoIGVhc3kgYWNjZXNzIHRvIGluc2lnaHRzIGFuZCBpbXByb3ZlZCB0b29scy4gVGhpcyBpcyBleHBlY3RlZCB0byBoZWxwIFREIGVuaGFuY2UgaXRzIGFnaWxpdHksIGRlbGl2ZXIgcmljaGVyIGN1c3RvbWVyIGV4cGVyaWVuY2UgYW5kIGRyaXZlIGdyZWF0ZXIgZGlnaXRhbCBhZG9wdGlvbiBhbW9uZyBpdHMgY3VzdG9tZXJzLiBBbmQgbGFzdGx5LCBhbiBpbGx1c3RyYXRpb24gb2YgaG93IGxhcmdlIGJhbmtzIGFyZSBlbWJlZGRpbmcgRVNHIGNyaXRlcmlhIGludG8gdGhlaXIgYnVzaW5lc3Nlcy4gQSBFdXJvcGUtaGVhZHF1YXJ0ZXJlZCBnbG9iYWwgYmFuayBlbmdhZ2VkIFRDUywgaXRzIHN0cmF0ZWdpYyBwYXJ0bmVyLCB0byBkZXZlbG9wIGFuIEVTRyBkYXRhIGRpc3RyaWJ1dGlvbiBwbGF0Zm9ybSB0byBzdXBwb3J0IGl0cyByZWd1bGF0b3J5IHJlcG9ydGluZyBvbiBpdHMgb3duIHN1c3RhaW5hYmxlIGZpbmFuY2UgZnJhbWV3b3JrLiBMZXZlcmFnaW5nIG91ciBkZWVwIGRvbWFpbiBrbm93bGVkZ2UgaW4gdGhlIGFyZWEgb2YgRVNHIGFuZCBzdXN0YWluYWJsZSBmaW5hbmNlLCB0aGUgVENTIHRlYW0gZGVzaWduZWQgYSBuZXcgY2xvdWQtYmFzZWQgc29sdXRpb24gdGhhdCBtYWtlcyBoaWdoLXF1YWxpdHkgRVNHIGRhdGEgYXZhaWxhYmxlIHRvIGludGVybmFsIHN0YWtlaG9sZGVycywgZm9yIG1vcmUgYWNjdXJhdGUgaW5zaWdodHMgb24gc3VzdGFpbmFiaWxpdHksIHN1c3RhaW5hYmlsaXR5IGFuZCBFU0cgcGVyZm9ybWFuY2Ugb2YgdGhlaXIgZGVhbHMgYW5kIHByb2R1Y3RzLiBJdHMgc29waGlzdGljYXRlZCB0YXhvbm9teSBtYW5hZ2VtZW50IGNhcGFiaWxpdHkgYWNjb21tb2RhdGVzIHRoZSB0YXhvbm9taWVzIG9mIGRpZmZlcmVudCBqdXJpc2RpY3Rpb25zLCBzaW1wbGlmeWluZyByZWd1bGF0b3J5IGNvbXBsaWFuY2UgYW5kIHJlcG9ydGluZy4gTW92aW5nIG9uIHRvIGRlYWwgd2lucywgd2UgaGFkIGEgc3Ryb25nIG9yZGVyIGJvb2sgaW4gUTQgd2l0aCBhIFRDViBvZiAkMTAgYmlsbGlvbiwgYSBib29rLXRvLWJpbGwgcmF0aW8gb2YgMS40LiBUaGlzIGluY2x1ZGVzIDEgbWVnYSBkZWFsIHdlIHNpZ25lZCBpbiBGZWJydWFyeSB3aXRoIHRoZSBQaG9lbml4IEdyb3VwLiBPdXIgUTQgb3JkZXIgYm9vayBjb250YWlucyBhbiBhbGwtdGltZSBoaWdoIG51bWJlciBvZiBkZWFscyB3aXRoIFRDViBhYm92ZSAkNTAgbWlsbGlvbi4gSXQgaXMgYSB3ZWxsIGRpc3RyaWJ1dGVkIHNldCBvZiBkZWFscyBhY3Jvc3MgYWxsIHRoZSB2ZXJ0aWNhbHMgYW5kIGdlb2dyYXBoaWVzLiBUaGUgQkZTSSBUQ1Ygd2FzIGF0ICQzLjEgYmlsbGlvbiwgd2hpbGUgdGhlIHJldGFpbCBvcmRlciBib29rIHdhcyBhdCAkMS4zIGJpbGxpb24uIFRoZSBUQ1Ygb2YgZGVhbHMgc2lnbmVkIGluIE5vcnRoIEFtZXJpY2Egc3Rvb2QgYXQgJDUgYmlsbGlvbi4gRm9yIHRoZSBmdWxsIHllYXIsIHRoZSBvcmRlciBib29rIHdhcyBhdCAkMzQuMSBiaWxsaW9uLiBXaGlsZSB0aGlzIGlzIHNpbWlsYXIgdG8gdGhlIG9yZGVyIGJvb2sgYXQgdGhlIGVuZCBvZiBGWSAyMiwgb3VyIEZZIDIzIG9yZGVyIGJvb2sgaXMgbGVzcyBsdW1weSBhbmQgaGFzIG1vcmUgZGVhbHMgaW4gdGhlICQ1MCBtaWxsaW9uIHRvICQxMDAgbWlsbGlvbiBUQ1YgcmFuZ2UuIEluIG90aGVyIHdvcmRzLCB3ZSBoYXZlIGJlZW4gYWJsZSB0byBidWlsZCB1cCBhbiBlcXVhbGx5IGxhcmdlIG9yZGVyIGJvb2sgd2l0aG91dCBhcyBtYW55IG1lZ2EgZGVhbHMgaW4gdGhlIG1peC4gVGhpcyBpbXBsaWVzIGZhc3RlciByZXZlbnVlIGNvbnZlcnNpb24gY29tcGFyZWQgdG8gbGFzdCB5ZWFyJ3Mgb3JkZXIgYm9vayBhbmQgZ2l2ZXMgdXMgYmV0dGVyIHZpc2liaWxpdHkgaW50byBncm93dGggbmV4dCB5ZWFyLiBXaXRoIHRoYXQsIHdlIGNhbiBvcGVuIHRoZSBsaW5lcyBmb3IgcXVlc3Rpb25zLg==
TS_EC_Q4_FY2024_0010,10,Moderator,VGhhbmsgeW91IHZlcnkgbXVjaC4gV2Ugd2lsbCBub3cgYmVnaW4gdGhlIHF1ZXN0aW9uLWFuZC1hbnN3ZXIgc2Vzc2lvbi4gUGFydGljaXBhbnRzIHdobyB3aXNoIHRvIGFzayBhIHF1ZXN0aW9uIG1heSBwcmVzcyDigJwq4oCdIGFuZCAxIG9uIHRoZWlyIHRvdWNodG9uZSBwaG9uZS4gSWYgeW91IGFyZSB1c2luZyBhIHNwZWFrZXJwaG9uZSwgcGxlYXNlIHBpY2sgdXAgeW91ciBoYW5kc2V0IHdoaWxlIGFza2luZyBhIHF1ZXN0aW9uLiBUaGlzIGlzIHJlcXVpcmVkIHRvIGVuc3VyZSBvcHRpbXVtIGF1ZGlvIHF1YWxpdHkgb24gdGhlIGNhbGwuIFNob3VsZCB5b3VyIGxpbmUgaGF2ZSBhbnkgZGlzdHVyYmFuY2UsIHlvdSBtYXkgYmUgYXNrZWQgdG8gcmV0dXJuIHRvIHRoZSBxdWVzdGlvbiBxdWV1ZSBpZiB5b3UgZG8gbm90IGhhdmUgYSBjbGVhciBjb25uZWN0aW9uLiBMYWRpZXMgYW5kIGdlbnRsZW1lbiwgd2Ugd2lsbCB3YWl0IGZvciBhIG1vbWVudCwgd2hpbGUgdGhlIHF1ZXN0aW9uIHF1ZXVlIGFzc2VtYmxlcy4gV2UgaGF2ZSBvdXIgZmlyc3QgcXVlc3Rpb24gZnJvbSB0aGUgbGluZSBvZiBBbmt1ciBSdWRyYSBmcm9tIEpQIE1vcmdhbi4gUGxlYXNlIGdvIGFoZWFkLg==
TS_EC_Q4_FY2024_0011,11,Ankur Rudra,VGhhbmsgeW91LCBSYWplc2guIFRoYW5rIHlvdSBzbyBtdWNoIGZvciB5b3VyIGxlYWRlcnNoaXAgYW5kIGluc2lnaHQgZm9yIG92ZXIgdGhlIGxhc3QgNDAgcGx1cyBxdWFydGVycy4gV2Ugd2lsbCBtaXNzIHlvdS4gS3JpdGhpLCBjb25ncmF0dWxhdGlvbnMgb24gdGhlIGlubm92YXRpb24gYW5kIGJlc3Qgd2lzaGVzIGZvciB0aGUgcGVyaW9kIGFoZWFkLiBJbiB0ZXJtcyBvZiBxdWVzdGlvbnMsIEkgdGhpbmsgdGhlIGZpcnN0IG9uZSBpcyBvbiBkZW1hbmQuIFRoZXJlIGFwcGVhcnMgdG8gYmUgYSBzaGFycCBjaGFuZ2UgaW4gZGVtYW5kIGNvbW1lbnRhcnkuIFRoaXMgcXVhcnRlciwgYmVzaWRlcyB0aGUgcHJpbnQgZGlzYXBwb2ludG1lbnQsIGNvdWxkIHlvdSBlbGFib3JhdGUgaG93IG11Y2ggb2YgdGhlIHNsb3dkb3duIGFuZCBjaGFuZ2UgaW4gc2VudGltZW50IGNhbWUgYWZ0ZXIgdGhlIGV2ZW50IG9mIHRoZSBsYXN0IHRocmVlIG9yIGZvdXIgd2Vla3Mgb2YgTWFyY2ggdmVyc3VzIHdoYXQgd2FzIGFscmVhZHkgaW4gbW90aW9uPyBBbmQgb24gYSByZWxhdGVkIG5vdGUsIHlvdSBvYnZpb3VzbHkgaGF2ZSB0aGUgaGlnaGVzdCBleHBvc3VyZSB0byB0aGUgYmFua2luZyBpbmR1c3RyeS4gWW91IGhhdmUgc2VlbiBzZXZlcmFsIGN5Y2xlcy4gV2hlcmUgaXMgdGhlIHZpc2liaWxpdHkgb24gZGVtYW5kIGFuZCByZXZlbnVlcyBub3cgZm9yIHRoZSBmaXJzdCBxdWFydGVyIGFuZCBGWSAyND8gQW5kIGlmIHRoaXMgdW5jZXJ0YWludHkgZ2V0cyBwcm9sb25nZWQsIGhvdyBkbyB5b3UgZXhwZWN0IGNsaWVudCBwcmlvcml0aWVzIGFuZCBiZWhhdmlvciB0byBjaGFuZ2U/
TS_EC_Q4_FY2024_0012,12,Rajesh Gopinathan,VGhhbmtzLCBBbmt1ci4gTGV0IG1lIHRha2UgdGhlIGZpcnN0IHBhcnQgYW5kIHRoZW4gSSdsbCBoYXZlIEtyaXRoaSBhbnN3ZXIgYm90aCB0aGUgRlkgMjQgYW5kIHRoZSBkZW1hbmQgZm9yd2FyZC4gSWYgeW91IGxvb2sgYXQgd2hlcmUgdGhlIGltcGFjdCBoYXMgY29tZSBmcm9tLCBJIHdvdWxkIHNheSB0aGF0IHdlIHNoYXJlZCB3aXRoIHlvdSBpbiB0aGUgbGFzdCBxdWFydGVyJ3MgY29tbWVudHMsIGJlZ2lubmluZyBvZiB0aGlzIHllYXIsIHRoYXQgd2hpbGUgdGhlcmUgd2FzIHNvZnRuZXNzIGluIFVTIGluIFEzLCB0aGF0IGlzIG91ciBRMywgY2FsZW5kYXIgUTQsIHdlIGV4cGVjdGVkIHRoYXQgaXQgd291bGQgc2lnbmlmaWNhbnRseSBwaWNrIHVwIGluIHRoZSBOZXcgWWVhci4gQW5kIHRoYXQncyBqdXN0IGFkZXF1YXRlIGNhdXRpb24gb24gdGhlIGNsaWVudCdzIHBhcnQgcmVzdWx0aW5nIGluIHNvZnRuZXNzIGluIFEzLiBUaGF0IGV4cGVjdGF0aW9uIGhhcyBub3QgYm9ybmUgb3V0LiBJdCBoYXMsIGluIGZhY3QsIHR1cm5lZCBpbmNyZW1lbnRhbGx5IGV2ZW4gbW9yZSBuZWdhdGl2ZS4gVGhhdCBzZW50aW1lbnQgdHJpZ2dlciBvYnZpb3VzbHkgd2FzIHRvIGEgbGFyZ2UgZXh0ZW50IHdoYXQgaGFwcGVuZWQgb24gdGhlIGJhbmtpbmcgc2lkZSBpbiBVUywgYnV0IGl0IGhhcyBhbHNvIGJlZW4gYWNyb3NzIHRoZSBib2FyZC4gU28sIGlmIHlvdSBsb29rIGF0IGFyZWFzIGxpa2UgTWFudWZhY3R1cmluZywgZXNwZWNpYWxseSBvbiB0aGUgcHJvY2VzcyBhbmQgaW5kdXN0cmlhbCBzaWRlLCB0aGF0IGlzIHJlZmxlY3RpbmcgdGhlIHdlYWtuZXNzIGZyb20gYSBtb3JlIGdsb2JhbCBwZXJzcGVjdGl2ZS4gQXJlYXMgbGlrZSBSZXRhaWwgaW4gdGhlIFVTIGFyZSByZWZsZWN0aW5nIHRoZSBzZW50aW1lbnQgb2YgdGhlIGxvY2FsIG1hcmtldCBhbmQgZXNwZWNpYWxseSBvbiB0aGUgZXhwZWN0YXRpb24gZnJvbSB3aGF0J3MgZ29pbmcgb24gaW4gdGhlIGNyZWRpdCB0ZXJtcy4gU28gZ29pbmcgYmFjayB0byB5b3VyIHF1ZXN0aW9uLCB0aGUgY2hhbmdlIGlzIG1vcmUgaW4gdGVybXMgb2YgdGhlIFVTIG1hcmtldC4gV2UgZXhwZWN0ZWQgaXQgdG8gY29tZSBiYWNrIHN0cm9uZ2x5IGluIHRoZSBOZXcgWWVhci4gVGhhdCBoYXMgbm90IGhhcHBlbmVkIGFuZCB0aGF0J3MgdGhlIHNjZW5hcmlvIHRoYXQgd2UgYXJlIGluLiBBbmQgdGhlIHdlYWtuZXNzIGlzIG5vdCBqdXN0IGNvbWluZyBvdXQgb2YgdGhlIEJGU0ksIGl0IGlzIGNvbWluZyBhY3Jvc3Mgc2VjdG9ycyBpbiBOb3J0aCBBbWVyaWNhLiBLcml0aGksIGRvIHlvdSB3YW50IHRvIHRhbGsgYWJvdXQgQkZTSSBhbmQgdGhlIGV4cGVjdGF0aW9uIGZvcndhcmQ/
TS_EC_Q4_FY2024_0013,13,K. Krithivasan,TGlrZSBSYWplc2ggbWVudGlvbmVkLCB0aGVyZSBoYXMgYmVlbiB3ZWFrbmVzcyBpbiBCRlNJIGJlY2F1c2Ugb2YgdGhlIG1hcmtldCB1bmNlcnRhaW50eSBpbiB0aGUgbGFzdCBxdWFydGVyLiBCdXQgYXMgd2UgbWVudGlvbmVkLCB0aGUgb3JkZXIgYm9vayBoYXMgYmVlbiBxdWl0ZSBzdHJvbmcsIGluIGZhY3Qgb25lIG9mIHRoZSBoaWdoZXN0IG9yZGVyIGJvb2tzIHRoYXQgd2UgaGF2ZSBpbiB0aGUgcmVjZW50IHBhc3QuIEFuZCBsaWtlIHdlIGFsc28gY29tbWVudGVkLCB0aGUgb3JkZXIgYm9vayBpcyBsZXNzIGxlbmd0aHkgYW5kIGl0IGhhcyBtb3JlIHNtYWxsZXIgZGVhbHMgb3Igc2hvcnQgZHVyYXRpb24gZGVhbHMsIHdoaWNoIG1lYW5zIHRoZSByZXZlbnVlIGNvbnZlcnNpb24gY291bGQgYmUgZXZlbiBoaWdoZXIuIEJ1dCBoYXZpbmcgc2FpZCB0aGF0LCBsaWtlIHdlIGFyZSBub3QgZ29pbmcgdG8gZ2l2ZSBndWlkYW5jZSBmb3IgaW1tZWRpYXRlIHF1YXJ0ZXJzIGJlY2F1c2UgdW5jZXJ0YWludHkgaXMgc3RpbGwgdGhlcmUgYW5kIGNsaWVudHMgYXJlIHN0aWxsIGxvb2tpbmcgYXQgdGhlaXIgcHJpb3JpdGllcyBhbmQgdGhpbmdzIHRoZXkgd2FudCB0byBzcGVuZC4gQnV0IHdlIGFyZSBjb21mb3J0YWJsZSB3aXRoIHRoZSBtZWRpdW0gdG8gbG9uZy10ZXJtIHNwZW5kIGxvb2tpbmcgYXQgb3VyIG9yZGVyIGJvb2suIFNvIHRoZSBkZW1hbmQgc3RpbGwgaXMgc3Ryb25nIGFuZCBvcmRlciBib29rIHF1YWxpdHkgaXMgZ29vZC4gU28gdGhhdCBnaXZlcyB1cyB0aGUgY29uZmlkZW5jZSB0aGF0IG1lZGl1bSB0byBsb25nIHRlcm0sIHRoaW5ncyB3aWxsIGJlIHN0cm9uZ2VyIGFuZCBiZXR0ZXIu
TS_EC_Q4_FY2024_0014,14,Ankur Rudra,T25lIHF1ZXN0aW9uIHdhcywgZG8geW91IHRoaW5rIGlmIHRoZSB1bmNlcnRhaW50eSBnZXRzIHByb2xvbmdlZCwgcGxhbiwgcHJpb3JpdGllcyBhbmQgYmVoYXZpb3IgbWlnaHQgY2hhbmdlPw==
TS_EC_Q4_FY2024_0015,15,K. Krithivasan,SXQncyBvYnZpb3VzIHRoYXQgaWYgdGhlIHVuY2VydGFpbnR5IGNvbnRpbnVlcyBjbGllbnRzIHdpbGwgYWxzbyBjb250aW51ZSB0byB3ZWlnaCB0aGVpciBwcmlvcml0aWVzLg==
TS_EC_Q4_FY2024_0016,16,Ankur Rudra,T2theS4gQXMgYSBmb2xsb3ctdXAgb24gdGhlIHN0cmF0ZWd5LCBUQ1MgY2hhbmdlcyBpdHMgZ3VhcmQgdmVyeSByYXJlbHkgYW5kIHZlcnkgc21vb3RobHkgaGlzdG9yaWNhbGx5LiBDb3VsZCB5b3UgY29tbWVudCBvbiBhbnkgY2hhbmdlIGluIHN0cmF0ZWd5LCBib3RoIGJlY2F1c2Ugb2YgdGhlIGNoYW5nZSBpbiBndWFyZCBhbmQgdGhlIGNoYW5nZSBpbiBkZW1hbmQgc2VudGltZW50IGF0IHRoZSBtb21lbnQ/
TS_EC_Q4_FY2024_0017,17,K. Krithivasan,TGVhZGVyc2hpcCBjaGFuZ2UgZG9lc24ndCBtZWFuIGEgc3RyYXRlZ3kgY2hhbmdlLiBBbGwgb2YgdXMgaGF2ZSBiZWVuIHdvcmtpbmcgd2l0aCB0aGlzIG9yZ2FuaXphdGlvbiBmb3Igc28gbWFueSB5ZWFycyBhbmQgYWxsIG9mIHVzIGhhdmUgYSBnb29kIHVuZGVyc3RhbmRpbmcuIFdoYXRldmVyIHN0cmF0ZWd5IFJhamVzaCBwdXQgaW4gcGxhY2Ugd2FzIGFsc28gYSBjb2xsZWN0aXZlIGxlYWRlcnNoaXAgZGVjaXNpb24gb24gaG93IHdlIHdhbnQgdG8gZ28gZm9yd2FyZC4gU28gSSBkb24ndCBleHBlY3QgYSBkcmFzdGljIHN0cmF0ZWd5IGNoYW5nZS4gV2UnbGwgYmUgdHdlYWtpbmcgd2hhdCB3ZSBkbyBiYXNlZCBvbiB0aGUgbWFya2V0IHNpdHVhdGlvbi4gT3VyIHN0cmF0ZWd5IGlzIGFueXdheSBiYXNlZCBvbiBjbGllbnQgY2VudHJpY2l0eSBhbmQgZW1wbG95ZWUgZW1wYXRoeS4gU28gdGhvc2UgdHdvIGFyZSB0aGUgYmFzaWMgcGlsbGFycywgd2XigJlsbCBjb250aW51ZSB0byBkcml2ZSBob21lIG91ciBzdHJhdGVneSBiYXNlZCBvbiB0aGF0Lg==
TS_EC_Q4_FY2024_0018,18,Ankur Rudra,VGhhbmsgeW91LiBNYXliZSB0aGUgbGFzdCBxdWVzdGlvbiBvbiB0ZWNobm9sb2d5LiBKdXN0IGN1cmlvdXMgdG8gaGVhciB5b3VyIHRob3VnaHRzIGFzIGEgbGVhZGVyc2hpcCBncm91cCBvbiBob3cgZ2VuZXJhdGl2ZSBBSSBjaGFuZ2VzIHRoZSBuYXR1cmUgb2YgdGVjaG5vbG9neSBjb25zdW1wdGlvbiBhbmQgaWYgaXQgaW1wYWN0cyB0aGUgYmFyZ2FpbmluZyBwb3dlciBmb3IgY2xpZW50cyBvciBmb3IgVENTIG92ZXIgdGhlIG1lZGl1bSB0ZXJtPw==
TS_EC_Q4_FY2024_0019,19,K. Krithivasan,SSdsbCB0dXJuIHRoaXMgb3ZlciB0byBvdXIgQ2hhdEdQVCBndXJ1LCBNci4gTkdTLg==
TS_EC_Q4_FY2024_0020,20,N G Subramaniam,SGkgQW5rdXIsIE5HUyBoZXJlLiBJIHRoaW5rIGdlbmVyYXRpdmUgQUkgYXMgYSB0ZWNobm9sb2d5IGlzIHZlcnkgaW50ZXJlc3RpbmcuIFdlIGhhdmUgYmVlbiB3b3JraW5nIG9uIGl0IGZvciBzb21lIHRpbWUgYW5kIHdlIGhhdmUgZG9uZSBzb21lIHBpbG90cyBpbnRlcm5hbGx5IGFuZCBJIHRoaW5rIGl0IGhhcyB0aGUgcG90ZW50aWFsIHRvIGxpdmUgdXAgdG8gdGhlIGV4cGVjdGF0aW9uIHRoYXQgZXZlcnkgYXJlYSBjYW4gYmUgdGVjaG5vbG9neSBkcml2ZW4uIFRoYXQgaXMgbnVtYmVyIG9uZS4gTnVtYmVyIHR3byBpcyB0aGF0IGl0IGNhbiBmdXJ0aGVyIGFjY2VsZXJhdGUgdGhlIGFkb3B0aW9uIG9mIHRlY2hub2xvZ3ksIGluY2x1ZGluZyB0aG9zZSB3aGljaCBhcmUgYXQgdGhlIGZyb250aWVyIGFyZWFzIG9mIGlubm92YXRpb24uIFdlIGFyZSBxdWl0ZSBleGNpdGVkIGFib3V0IGl0LiBNYW55IHF1YXJ0ZXJzIGFnbywgSSB0aGluayBhdCBvbmUgb2YgdGhlIGFuYWx5c3QgY2FsbHMsIEkgbWVudGlvbmVkIHRoYXQgQUkvTUwgaGFzIHRoZSBwb3RlbnRpYWwgdG8gZnVuZGFtZW50YWxseSBjaGFuZ2UgdGhlIHdheSB0aGF0IHdlIGRlbGl2ZXIgc29mdHdhcmUgdG8gb3VyIGNsaWVudHMuIEFuZCBhIHNpZ25pZmljYW50IHBhcnQgb2Ygd2hhdCB3ZSBhcmUgZG9pbmcgdG9kYXkgY2FuIGdldCBhdXRvbWF0ZWQsIGNhbiBnZXQgZ2VuZXJhdGVkLiBGdW5kYW1lbnRhbGx5LCB3ZSBhcmUgYSB0b29scyBkcml2ZW4gb3JnYW5pemF0aW9uLiBXZSBoYWQgZGV2ZWxvcGVkIE1hc3RlckNyYWZ04oSiIGRlY2FkZXMgYWdvLCB3aGljaCBpcyBhIHNvZnR3YXJlIHRoYXQgZ2VuZXJhdGVzIHNvZnR3YXJlLiBXZSBhcmUgcXVpdGUgZXhjaXRlZCB3aXRoIHRoZSBvcHBvcnR1bml0eSBvZiBkZWxpdmVyaW5nIHByb3ZlbiBjb2RlLCBlaXRoZXIgeW91IGNhbiBjYWxsIGl0IGEgbG93IGNvZGUsIG5vIGNvZGUsIHplcm8gY29kZSwgYnV0IC0tIG9yIGEgZ2VuZXJhdGl2ZSBBSSBraW5kIG9mIGEgc29mdHdhcmUsIGJ1dCB0aGUgcmVzdWx0IGlzLCBhIHNvZnR3YXJlIHRoYXQgZ2VuZXJhdGVzIHNvZnR3YXJlLiBJIHRoaW5rIHdlJ2xsIGJ1aWxkIHN1Y2ggYW4gZXhwZXJ0aXNlIGFyb3VuZCB0aGF0IGNhcGFiaWxpdHksIGFyb3VuZCB0aGUgdG9vbHNldCwgYW5kIHN0YXkgcmVsZXZhbnQgdG8gb3VyIGNsaWVudHMnIGV4cGVjdGF0aW9ucy4=
TS_EC_Q4_FY2024_0021,21,Ankur Rudra,TkdTLCB0aGFuayB5b3Ugc28gbXVjaCBmb3IgdGhlIGNvbG9yIGFuZCBSYWplc2gsIGJlc3Qgb2YgbHVjayBmb3IgZnV0dXJlIGVuZGVhdm9ycy4=
TS_EC_Q4_FY2024_0022,22,Rajesh Gopinathan,VGhhbmtzIEFua3VyLg==
TS_EC_Q4_FY2024_0023,23,Moderator,VGhhbmsgeW91LiBXZSBoYXZlIGEgbmV4dCBxdWVzdGlvbiBmcm9tIHRoZSBsaW5lIG9mIFN1ZGhlZXIgR3VudHVwYWxsaSBmcm9tIEtvdGFrIE1haGluZHJhIEFzc2V0IE1hbmFnZW1lbnQuIFBsZWFzZSBnbyBhaGVhZC4=
TS_EC_Q4_FY2024_0024,24,Sudheer Guntupalli,WWVzLiBLcml0aGksIGZpcnN0bHkgY29uZ3JhdHVsYXRpb25zIGFuZCBhbGwgdGhlIGJlc3QgaW4geW91ciBuZXcgaW5uaW5ncy4gQ291cGxlIG9mIHF1ZXN0aW9ucyBmcm9tIG15IHNpZGUuIFRoZSBwcmV2YWlsaW5nIGluZHVzdHJ5IHBlcmNlcHRpb24gc2VlbXMgdG8gYmUgdGhhdCBiZWNhdXNlIG9mIG1hY3JvIHVuY2VydGFpbnR5LCBkZWFsIG1peCBpcyBzaGlmdGluZyB0b3dhcmRzIGNvc3Qgb3B0aW1pemF0aW9uLCB3aGljaCBhcmUgdHlwaWNhbGx5IGxhcmdlIGRlYWxzIHRoYXQgbWF5IHRha2UgbG9uZ2VyIHRpbWUgbGluZXMgZm9yIHJldmVudWUgY29udmVyc2lvbi4gQnV0IHlvdXIgcHJlcGFyZWQgcmVtYXJrcyBzdWdnZXN0IHRoZSBjb250cmFyeSBhYm91dCB0aGUgb3JkZXIgYm9vayB0aGF0IGdvdCBidWlsdCBkdXJpbmcgRlkgMjMuIFNvIGhvdyBkbyB3ZSByZWFkIHRoaXMgY29udHJhZGljdGlvbj8=
TS_EC_Q4_FY2024_0025,25,K Krithivasan,U3VkaGVlciwgY29zdCBhbmQgb3B0aW1pemF0aW9uIGRlYWxzIG5lZWQgbm90IGJlIGxhcmdlLiBWZXJ5IG9mdGVuLCBjdXN0b21lcnMgbG9vayBhdCBpbW1lZGlhdGUgb3BlcmF0aW9ucyBiZWNhdXNlIGluIHRpbWVzIG9mIHVuY2VydGFpbnR5LCB0aGV5IHdhbnQgdG8gY29udHJvbCBjb3N0IGFuZCBzbyBzb21ldGhpbmcgcXVpY2suIFNvIHRoZSBkZWFscyBhcmUgY29va2VkIGluIGEgd2F5IHRoYXQgdGhleSBjYW4gYWxzbyBnZXQgYmVuZWZpdHMgaW1tZWRpYXRlbHkuIExpa2Ugd2UgZGlzY3Vzc2VkIGJlZm9yZSwgb3VyIG9yZGVyIGJvb2sgaXMgYWN0dWFsbHkgdmVyeSBsZXNzIGx1bXB5LCB3aXRoIGp1c3Qgb25lIG1lZ2EgZGVhbCBhbmQgYSBudW1iZXIgb2YgbWVkaXVtIHRvIHNtYWxsLXNpemVkIGRlYWxzLiBTbyB0aGF0IGdpdmVzIHVzIHRoZSBjb25maWRlbmNlIHRoYXQgdGhlcmUgd2lsbCBiZSBmYXN0ZXIgcmV2ZW51ZSBjb252ZXJzaW9uLiBJIGRvbid0IGtub3cgd2hldGhlciB3ZSBjYW4gc2F5IHRoYXQgYWxsIGNvc3QgYW5kIG9wdGltaXphdGlvbiBkZWFscyB3aWxsIGJlIGxhcmdlci4gU29tZSBvZiB0aGVtIG1heSBiZSBsYXJnZXIsIG1hbnkgb2YgdGhlbSBuZWVkIG5vdCBiZS4=
TS_EC_Q4_FY2024_0026,26,Sudheer Guntupalli,R290IGl0LiBBbmQgeW91IG1hZGUgYW4gaW50ZXJlc3RpbmcgcG9pbnQgaW4gdGhlIHByZXNzIG1lZXQgdGhhdCBtYW55IG9mIHlvdXIgY2xpZW50cywgd2hpY2ggYXJlIHRoZSBsYXJnZSBVUyBiYW5rcyBhcmUgYmVuZWZpdGluZyBiZWNhdXNlIG9mIHJlY2VudCBiYW5raW5nIGlzc3VlcyBhbmQgdGhlIGNvbnNlcXVlbnQgZGVwb3NpdCBmbGlnaHQuIFNvIGlmIHRoZSBiYW5raW5nIHNpdHVhdGlvbiBkb2Vzbid0IG1hdGVyaWFsbHkgZXNjYWxhdGUgZnJvbSBoZXJlIG9uIGFuZCBhcyBhbmQgd2hlbiB0aGUgbmVnYXRpdmUgc2VudGltZW50cyByZWNlaXZlZCwgY291bGQgdGhpcyBiZSBhIG5ldCBwb3NpdGl2ZSBvdXRjb21lIGZvciBUQ1Mgb3ZlciB0aGUgbmV4dCAxMiB0byAxOCBtb250aHMsIGdpdmVuIHNvbWUgb2YgdGhlIGtleSBjbGllbnRzIGFyZSBhY3R1YWxseSBiZWNvbWluZyBzdHJvbmdlciB3aXRoIGEgZnVydGhlciBwb3NzaWJpbGl0eSBvZiBNJkEgaW50ZWdyYXRpb24gcmVsYXRlZCBzcGVuZD8=
TS_EC_Q4_FY2024_0027,27,K. Krithivasan,VGhhdCBzaG91bGQgYmUgYSBmYWlyIGFzc3VtcHRpb24sIFN1ZGhlZXIuIFdlIGhhdmUgYSB2ZXJ5IHN0cm9uZyBwcmVzZW5jZSBpbiB0aGUgYmFua2luZyBzZWN0b3IgYW5kIHdlIHdpbGwgY29udGludWUgdG8gd29yayB3aXRoIG91ciBjbGllbnRzIGNsb3NlbHkgdG8gYnJpbmcgaW4gc29sdXRpb25zIGJ5IHdoaWNoIHRoZXkgY2FuIGxldmVyYWdlIHRoZSBtYXJrZXQgY29uZGl0aW9ucyBhbmQgbGV2ZXJhZ2UgZXh0cmEgZGVwb3NpdHMgdGhleSBnZXQuIFNvIEkgd291bGQgc2F5IHRoYXQncyBhIGZhaXIgYXNzdW1wdGlvbi4=
TS_EC_Q4_FY2024_0028,28,Sudheer Guntupalli,VGhhbmtzIEtyaXRoaS4gQW5kIFJhamVzaCBhbGwgdGhlIGJlc3QgZm9yIGZ1dHVyZSBlbmRlYXZvcnMu
TS_EC_Q4_FY2024_0029,29,Rajesh Gopinathan,VGhhbmsgeW91Lg==
TS_EC_Q4_FY2024_0030,30,Moderator,VGhhbmsgeW91LiBXZSBoYXZlIG91ciBuZXh0IHF1ZXN0aW9uIGZyb20gdGhlIGxpbmUgb2YgU2FuZGVlcCBTaGFoIGZyb20gRXF1aXJ1cyBTZWN1cml0aWVzLiBQbGVhc2UgZ28gYWhlYWQu
TS_EC_Q4_FY2024_0031,31,Sandeep Shah,VGhhbmsgeW91IGZvciB0aGUgb3Bwb3J0dW5pdHkuIFRoYW5rIHlvdSBSYWplc2gsIGFuZCBhbGwgdGhlIGJlc3QgZm9yIHlvdXIgZnV0dXJlIGVuZGVhdm9ycyBhbmQgY29uZ3JhdHVsYXRpb25zLCBLcml0aGksIGZvciB5b3VyIG5ldyByb2xlLiBUaGUgZmlyc3QgcXVlc3Rpb24gaXMganVzdCBhbiBleHRlbnNpb24gdG8gd2hhdCBBbmt1ciBoYXMgYXNrZWQuIFNvIGxvb2tpbmcgYXQgeW91ciBjb21tZW50YXJ5LCBpdCBzZWVtcyB0aGF0IHRoZXJlIGNvdWxkIGJlIGEgbmVhci10ZXJtIHByZXNzdXJlIG9yIGNhdXRpb24gZnJvbSBjbGllbnRz4oCZIHNpZGUgaW4gdGVybXMgb2YgdGhlIElUIHNwZW5kLiBTbyBGWSAyNCBjb3VsZCBiZSBzbGlnaHRseSBkaWZmZXJlbnQgd2hlcmUgZ3Jvd3RoIGNvdWxkIGJlIGJhY2stZW5kZWQgdmVyc3VzIGZyb250LWVuZGVkLCB3aGljaCBpcyBzZWFzb25hbGx5IHRoZSB0cmVuZCBpbiBtb3N0IG9mIHRoZSBub3JtYWwgeWVhcnM/IE9yIGRvIHlvdSBiZWxpZXZlIEZZICcyNCBtYXkgaGF2ZSBhIHNvZnQgZ3Jvd3RoIGFjcm9zcyBhbGwgdGhlIGZvdXIgcXVhcnRlcnM/
TS_EC_Q4_FY2024_0032,32,K Krithivasan,U2FuZGVlcCwgSSBkb24ndCB3YW50IHRvIGNvbW1lbnQgb24gdGhlIG92ZXJhbGwgRlkgMjQuIEFzIHdlIGNhbGxlZCBvdXQsIFE0IGhhcyBiZWVuIHNvZnQgYmVjYXVzZSBvZiB0aGUgdW5jZXJ0YWludGllcy4gQW5kIHRob3NlIHVuY2VydGFpbnRpZXMgYXJlIG5vdCBmdWxseSByZXNvbHZlZC4gQXQgdGhlIHNhbWUgdGltZSwgd2UgYXJlIGNvbWZvcnRhYmxlIHdpdGggdGhlIG9yZGVyIGJvb2sgd2Ugc2VlLiBBbmQgd2UgYWxzbyBjb21tZW50ZWQgb24gdGhlIHRlbnVyZSBvZiB0aGUgb3JkZXIgYm9vayBpbiB0ZXJtcyBvZiB0aGUgc2hvcnQgZHVyYXRpb24gb2YgdGhlIHByb2plY3QuIFNvIHRoYXQgZ2l2ZXMgdXMgdGhlIGNvbmZpZGVuY2UgdGhhdCBtYW55IG9mIHRoZXNlIHByb2plY3RzIHdpbGwgZ2V0IGRvbmUgaW4gYSBzaG9ydCBwZXJpb2Qgb2YgdGltZSBhbmQgd2UnbGwgYmUgYWJsZSB0byByZWFsaXplIHRoZSByZXZlbnVlLiBCdXQgd2UgY2Fubm90IHRha2UgYXdheSB0aGUgZmFjdCB0aGF0IHRoZXJlIGNvdWxkIGJlIHNvbWUgdHJhbnNmb3JtYXRpb24gcHJvamVjdCBvciBkaXNjcmV0aW9uYXJ5IHByb2plY3QgdGhhdCBjb3VsZCBnZXQgY2FuY2VsbGVkIGlmIHRoZXJlIGlzIGEgZnVydGhlciBkZXRlcmlvcmF0aW9uIG9mIHRoZSBzZW50aW1lbnQuIFNvLCB0aGVzZSBhcmUgYWxsIHRoZSBmYWN0cyB0aGF0IHdlIGFyZSB3b3JraW5nIHdpdGguIEJ1dCB3ZSdsbCBjb250aW51ZSB0byBiZSBjbG9zZSB0byBvdXIgY3VzdG9tZXJzLiBXZSBkb24ndCB3YW50IHRvIGNvbW1lbnQgb24gaG93IFExIG9yIFEyIGlzIGdvaW5nIHRvIGJlIG9yIGhvdyBGWSAyNCBpcyBnb2luZyB0byBiZS4=
TS_EC_Q4_FY2024_0033,33,Sandeep Shah,T2theSwgZmFpciBlbm91Z2guIEp1c3QgYSBxdWVzdGlvbiBpbiB0ZXJtcyBvZiBtYXJnaW4uIENhbiB5b3UgZXhwbGFpbiB3aGF0IHdhcyB0aGUgbmF0dXJlIG9mIHRoZSBvbi1zaXRlIGNvc3QgcHJlc3N1cmUgZHVyaW5nIDRRPyBBbmQgYWxzbyBxdWVzdGlvbiBhYm91dCBGWSAyNCBtYXJnaW4sIGJlY2F1c2UgRlkgMjMgbWFyZ2luIGhhcyBiZWVuIGltcGFjdGVkIGJ5IHN1cHBseS1zaWRlIGlzc3VlLiBXaXRoIHN1cHBseS1zaWRlIGlzc3VlcyBhYmF0aW5nLCB3aGV0aGVyIGl0IGlzIGZhaXIgdG8gc2F5IHRoZSBtYXJnaW4gbWFuYWdlbWVudCBjb3VsZCBiZSBiZXR0ZXIgaW4gRlkgJzI0IHZlcnN1cyBGWSAnMjMsIG9yIGl0IGlzIGhhcmQgdG8gc2F5IGJlY2F1c2Ugb2YgdGhlIGdsb2JhbCBwcmVzc3VyZSwgZXNwZWNpYWxseSBvbiB0aGUgaW5mbGF0aW9uIHNpZGUsIHdoaWNoIGNhbiBpbXBhY3QgdGhlIG9uLXNpdGUgd2FnZSBoaWtlPw==
TS_EC_Q4_FY2024_0034,34,Samir Seksaria,SW4gdGhlIGN1cnJlbnQgcXVhcnRlciwgd2UgaGFkIGluY3JlYXNlcyBpbiB0aGUgb25zaXRlIG1hbnBvd2VyIGNvc3QgaXRlbS4gU29tZSBwYXJ0IG9mIGl0IHdhcyBvbiBhY2NvdW50IG9mIHJlcGxhY2VtZW50IG9mIGhpZ2hlciBjb3N0IHN1Yi1jb250cmFjdG9ycyB3aXRoIGVtcGxveWVlcywgYW5kIHNvbWUgcGFydCBvZiBpdCBkdWUgdG8gaW5jcmVhc2VkIGxvY2FsIGhpcmluZy4gQ29taW5nIHRvIEZZIDI0LCBhcyB5b3UgcmlnaHRseSBjYWxsZWQgb3V0LCB3ZSdsbCBoYXZlIGEgc2V0IG9mIGhlYWR3aW5kcyBhbmQgd2UnbGwgaGF2ZSB0byBsb29rIGF0IHRoZSBvdmVyYWxsIHNldCBvZiBsZXZlcnMgd2hpY2ggY2FuIGhlbHAgdXMgYWRkcmVzcyB0aG9zZSBoZWFkd2luZHMuIEdpdmVuIHRoZSBjdXJyZW50IHVuY2VydGFpbnR5LCBpdCdzIGRpZmZpY3VsdCB0byBnaXZlIGEgdGltZWxpbmUuIEJ1dCB5ZXMsIHRoZSB3YXkgd2UgYXJlIGV4aXRpbmcgdGhlIHN1YmNvbnRyYWN0b3IgY29zdCBzaWRlIG9mIGl0IHNob3VsZCBiZSBoZWxwZnVsLiBBbmQgd2Ugc2hvdWxkIGJlIGFibGUgdG8gZnVydGhlciBkb3VibGUgZG93biBvbiB0aGF0Lg==
TS_EC_Q4_FY2024_0035,35,Sandeep Shah,VGhhbmsgeW91IGFuZCBhbGwgdGhlIGJlc3Qu
TS_EC_Q4_FY2024_0036,36,Moderator,VGhhbmsgeW91LiBXZSBoYXZlIG91ciBuZXh0IHF1ZXN0aW9uIGZyb20gdGhlIGxpbmUgb2YgQWJoaXNoZWsgS3VtYXIgZnJvbSBKTSBGaW5hbmNpYWwuIFBsZWFzZSBnbyBhaGVhZC4=
TS_EC_Q4_FY2024_0037,37,Abhishek Kumar,R29vZCBldmVuaW5nLiBJIGp1c3Qgd2FudGVkIHRvIHVuZGVyc3RhbmQgd2hhdCBpcyBkcml2aW5nIHRoZSBncm93dGggaW4gdGhlIFVLIG1hcmtldD8gUmFqZXNoLCB5b3UgaGFkIG1lbnRpb25lZCBpbiB0aGUgbGFzdCBxdWFydGVyIHRoYXQgdW5saWtlIGNvbnRpbmVudGFsIEV1cm9wZSBhbmQgdGhlIFVTLCBpbiBVSyB0aGVyZSBpcyBzb21lIGNsYXJpdHkuIFRoZXkgaGFkIG1vdmVkIGRlY2lzaXZlbHkgdG93YXJkcyB0aGUgY29zdCB0YWtlb3V0IHByb2plY3QuIEnigJltIGp1c3QgdHJ5aW5nIHRvIHRpZSBpdCB1cCB3aXRoIEtyaXRoaeKAmXMgY29tbWVudCB0aGF0IGNvc3QgdGFrZW91dCBwcm9qZWN0cyBtYXkgbm90IGJlIGxvbmdlciBnZXN0YXRpb24gcGVyaW9kIHByb2plY3RzLiBBbmQgaXMgdGhhdCBzb21ldGhpbmcsIHRoZSBjbGFyaXR5IGluIHRlcm1zIG9mIHdoYXQgdGhleSBuZWVkIHRvIGRvIHJlZmxlY3RpbmcgaW4gYmV0dGVyIGdyb3d0aCBpbiBVSz8gQW5kIGlmIHRoYXQgaXMgdGhlIGNhc2UsIHdvdWxkIHRoYXQgYmUgYSB0ZW1wbGF0ZSB0aGF0IFVTIGFsc28gY2FuIGZvbGxvdyBvbmNlIHRoZXJlIGlzIHNvbWUgc29ydCBvZiBjbGFyaXR5IGVpdGhlciB3YXksIGVpdGhlciBvbiB0aGUgZGlzY3JldGlvbmFyeSBzaWRlIG9yIG9uIHRoZSBjb3N0IHRha2VvdXQgc2lkZSwgdGhpbmdzIGNvdWxkIHF1aWNrbHkgY29tZSBiYWNrIGFuZCB0aGUgZ3Jvd3RoIGNhbiByZXN1bWU/
TS_EC_Q4_FY2024_0038,38,Rajesh Gopinathan,QWJoaXNoZWssIFVLIGlzIGV4YWN0bHkgd2hhdCB5b3UgZGVzY3JpYmVkIGFuZCB3aGF0IHdlIHNhaWQgaW4gdGhlIHBhc3QuIFRoZSBtYXJrZXQgaXMgcmVjb25jaWxlZCB0byB0aGUgb3BlcmF0aW5nIGVudmlyb25tZW50IGFuZCBrbm93cyB0aGF0IGl0IG5lZWRzIHRvIGRvIHNvbWV0aGluZyBiZWNhdXNlIGV4dGVybmFsbHkgbm90aGluZyBpcyBnb2luZyB0byBjaGFuZ2UuIEFuZCBpdCBpcyBub3QganVzdCBjb3N0IHRha2VvdXQsIHRyYW5zZm9ybWF0aW9uIHByb2plY3RzIGFyZSBhbHNvIG9uZ29pbmcuIExhc3QgcXVhcnRlciwgd2UgaGFkIHNwb2tlbiBhYm91dCBhIHZlcnkgbGFyZ2UgdGVsZWNvbSBkZWFsLiBUaGF0IHdhcyBhIGNvbWJpbmF0aW9uIG9mIGNvc3QgdGFrZW91dCBhcyB3ZWxsIGFzIGEgbWFzc2l2ZSBtb3ZlbWVudCBvbnRvIHRoZSBjbG91ZCB0byBiZSBhYmxlIHRvIG1ha2UgdGhlaXIgd2hvbGUgZW50ZXJwcmlzZSBzdGFjayBhZ2lsZSwgc28gdGhhdCB0aGV5IGNhbiBpbnRyb2R1Y2UgbmV3IHByb2R1Y3RzIGZhc3RlciBhbmQgcmVzcG9uZCB0byBtYXJrZXQgY29uZGl0aW9ucyBkaWZmZXJlbnRseS4gU2ltaWxhcmx5LCBpbiB0aGUgdXRpbGl0eSBzZWN0b3IsIHdlIGhhdmUgc3Bva2VuIGFib3V0IGhvdyB0aGUgbWFya2V0IHJlZ3VsYXRvciBpcyBtb3ZpbmcgdG8gaW50cm9kdWNlIGdyZWF0ZXIgY29tcGV0aXRpb24gYW5kIGdyZWF0ZXIgYWdpbGl0eSB0aGVyZS4gV2Ugd29ya2VkIHdpdGggdGhlIFJhaWwgRGVsaXZlcnkgR3JvdXAsIHdoaWNoIGlzIGFub3RoZXIgcmVndWxhdG9yIG9uIHRoZSB0cmFuc3BvcnRhdGlvbiBzaWRlLCB3aGljaCBpcyBhbHNvIG1vdmluZyBtYXNzaXZlbHkgdG8gbGV2ZXJhZ2UgZGF0YSBhbmQgaW50cm9kdWNlIGdyZWF0ZXIgYWdpbGl0eSwgYW5kIHVzZSB0aGUgZGF0YSB0byBpbXByb3ZlIG92ZXJhbGwgZWZmaWNpZW5jeSBvZiB0aGUgc3lzdGVtIGFuZCB0byBlbmFibGUgbmV3ZXIgZW50cmFudHMgdG8gY29tZSBpbiBhbmQgdG8gb2ZmZXIgc2VydmljZXMuIFNvLCBpdCB3b3VsZCBiZSB3cm9uZyB0byBjaGFyYWN0ZXJpemUgdGhlIFVLIG1hcmtldCBhcyBhIHB1cmVseSBjb3N0IHRha2VvdXQgbWFya2V0LiBJdCBpcyBhIG1hcmtldCB3aGVyZSB0aGUgc3RydWN0dXJhbCBjb3N0IGJhc2VzIGFyZSBiZWluZyByZXNldCwgYnV0IHNpZ25pZmljYW50bHkgbmV3IGNvbXBldGl0aXZlIGZvcmNlcyBhcmUgYWxzbyBhdCBwbGF5IGFzIGluZHVzdHJ5IHN0cnVjdHVyZXMgYXJlIGJlaW5nIGFjdGl2ZWx5IHdvcmtlZCBvbi4gV2UgYXJlIHBhcnRpY2lwYXRpbmcgdmVyeSBzdHJvbmdseSBhY3Jvc3MgdGhlIGJvYXJkLiBBcyB5b3Uga25vdywgd2UgYXJlIHRoZSBsYXJnZXN0IHNlcnZpY2VzIHByb3ZpZGVyIGluIHRoZSBVSyBtYXJrZXQgYnkgYSBtYXJnaW4gYW5kIHRoYXQgaXMgcGxheWluZyB0byBvdXIgYWR2YW50YWdlIGJlY2F1c2Ugb3VyIGFiaWxpdHkgdG8gc2hhcGUgdGhlIG9wcG9ydHVuaXR5IGFuZCB0byBwYXJ0aWNpcGF0ZSBpbiBpdCBpcyB2ZXJ5IHZlcnkgc2lnbmlmaWNhbnQuIEludGVyZXN0aW5nbHksIGl0IGlzIGhhcHBlbmluZyBub3QganVzdCBvbiB0aGUgcHJpdmF0ZSBzaWRlLCBidXQgb24gdGhlIHB1YmxpYyBzZWN0b3IgYW5kIHRoZSBzZW1pLXB1YmxpYyBzZWN0b3Igc2lkZSBhbHNvLCB3aGVyZSBhbHNvIG91ciBwYXJ0aWNpcGF0aW9uIGlzIHZlcnkgaGlnaC4gU28sIFVLIGlzIGEgZ3JlYXQgc3RvcnkgYWJvdXQgdGVjaG5vbG9neSBiZWluZyBwYXJ0IG9mIHRoZSBzb2x1dGlvbiBmb3IgYW55IHN1Y2ggc2NlbmFyaW8uIE5vdywgd2lsbCB0aGF0IHBsYXkgb3V0IGluIFVTPyBUaGF0IGRlcGVuZHMgb24gdGhlIG5hdHVyZSBvZiB0aGUgVVMgYWx3YXlzIGhhcyBiZWVuIGF0IHRoZSBmb3JlZnJvbnQgb2YgbGV2ZXJhZ2luZyB0ZWNobm9sb2d5LiBVUyBjb21wYW5pZXMgYXMgYW4gb3ZlcmFsbCBlY29zeXN0ZW0gYXJlIGFsc28gbXVjaCBtb3JlIGR5bmFtaWMsIG11Y2ggbW9yZSBkZWNpc2l2ZSBpbiBtb3ZpbmcgYW5kIG11Y2ggbW9yZSByaXNrIHRha2luZy4gU28sIHRoZSBzdGFydGluZyBiYXNlIGlzIHZlcnkgZGlmZmVyZW50LiBTbywgZG9lcyBVSyBwcm92aWRlIGEgcGxheWJvb2s/IE5vdCBvbiBhIGxpa2UtdG8tbGlrZSBiYXNpcy4gQnV0IGNvbmNlcHR1YWxseSwgb3VyIGVudGlyZSBidXNpbmVzcyBtb2RlbCBpcyBwcmVkaWNhdGVkIG9uIHRoZSBiZWxpZWYgdGhhdCB3aGF0IHdlIGFyZSBzZWVpbmcgaW4gVUsgaXMgbGlrZWx5IHRvIHBsYXkgb3V0IGluIG1hcmtldCBhZnRlciBtYXJrZXQsIHdoZXJlIHRlY2hub2xvZ3kgbGV2ZXJhZ2Ugd2lsbCBvbmx5IGtlZXAgb24gaW5jcmVhc2luZyByYXRoZXIgdGhhbiBkZWNyZWFzaW5nLCBpbiBhbnkgc2NlbmFyaW8sIHdoZXRoZXIgaXQgaXMgYSBjaGFsbGVuZ2VzIHNjZW5hcmlvIG9yIGEgZ3Jvd3RoIHNjZW5hcmlvLiBXaGF0IHdlIG5lZWQgdG8gZG8gaXMgdG8gbWFrZSBzdXJlIHRoYXQgb3VyIHNlcnZpY2UgcG9ydGZvbGlvIGlzIGZ1bGx5IGFibGUgdG8gcGFydGljaXBhdGUgb24gYm90aCBzaWRlcyBvZiB0aGUgc3BlY3RydW0gc2ltdWx0YW5lb3VzbHku
TS_EC_Q4_FY2024_0039,39,Abhishek Kumar,VGhhdCBpcyB2ZXJ5IGluc2lnaHRmdWwuIFRoYW5rIHlvdSBhbmQgYWxsIHRoZSBiZXN0Lg==
TS_EC_Q4_FY2024_0040,40,Moderator,VGhhbmsgeW91LiBXZSBoYXZlIG91ciBuZXh0IHF1ZXN0aW9uIGZyb20gdGhlIGxpbmUgb2YgUGFua2FqIEthcG9vciBmcm9tIENMU0EuIFBsZWFzZSBnbyBhaGVhZC4=
TS_EC_Q4_FY2024_0041,41,Pankaj Kapoor,VGhhbmtzIGZvciB0aGUgb3Bwb3J0dW5pdHkuIFJhamVzaCwgd2lzaCB5b3UgdGhlIGJlc3QgYW5kIEtyaXRoaSwgY29uZ3JhdHVsYXRpb25zLiBDYW4geW91IGdpdmUgc29tZSBjb2xvciBvbiBob3cgdGhlIGRlYWwgdmVsb2NpdHkgcGFubmVkIG91dCB3aXRoaW4gdGhlIHF1YXJ0ZXI/IERpZCB5b3Ugc2VlIGNsaWVudHMgZGVsYXlpbmcgZGVjaXNpb25zIG9uIGRlYWxzIHRoYXQgd291bGQgaGF2ZSBvdGhlcndpc2UgY2xvc2VkIGJ5LCBzYXksIE1hcmNoIGVuZCBpbiB0aGUgbGFzdCwgc2F5LCAxNS1vZGQgZGF5cz8gQW5kIGlmIHBvc3NpYmxlLCBjYW4geW91IHF1YW50aWZ5IHRoZSBpbXBhY3Qgb2YgdGhhdD8=
TS_EC_Q4_FY2024_0042,42,Rajesh Gopinathan,QWN0dWFsbHksIGRlYWwgdmVsb2NpdHkgaGFzIG5vdCByZWR1Y2VkLiBJbiBmYWN0LCBpZiBhbnl0aGluZywgaXQgaGFzIGFjY2VsZXJhdGVkLCBlc3BlY2lhbGx5IGluIEV1cm9wZS4gV2UgaGF2ZSBzZWVuIHNpZ25pZmljYW50IGFjY2VsZXJhdGlvbiBpbiBkZWNpc2lvbiBtYWtpbmcgb24gZGVhbHMgaW4gRXVyb3BlLiBXZSBoYWQgY2FsbGVkIG91dCBkZWxheXMgZWFybGllciBidXQgaW4gUTQsIHdlIGhhdmUgc2VlbiBhbiBhY2NlbGVyYXRpb24uIElmIHlvdSBsb29rIGF0IGRlYWxzIGdyZWF0ZXIgdGhhbiAkNTAgbWlsbGlvbiwgd2UgaGF2ZSBjbG9zZWQgbW9yZSBkZWFscyBpbiB0aGlzIHF1YXJ0ZXIgaW4gRXVyb3BlIHRoYW4gd2hhdCB3ZSBkaWQgaW4gdGhlIGZpcnN0IHRocmVlIHF1YXJ0ZXJzIG9mIHRoZSB5ZWFyLiBJcyB0aGF0IGp1c3QgYSBjYXRjaC11cCB0byB0aGluZ3MgdGhhdCBnb3QgZGVsYXllZCBkdXJpbmcgdGhlIHllYXIsIHdlJ2xsIGhhdmUgdG8gd2FpdCBhbmQgc2VlLiBDb21pbmcgdG8gdGhlIHBpcGVsaW5lLCB0aGVyZSB0b28gd2UgaGFkIHNoYXJlZCB3aXRoIHlvdSBpbiB0aGUgcGFzdCB0aGF0IGluIEV1cm9wZSwgdGhvdWdoIHRoZSBkZWNpc2lvbiBtYWtpbmcgd2FzIHNsb3csIHRoZSBwaXBlbGluZSBidWlsZHVwIHdhcyB2ZXJ5IHN0ZWFkeSBhbmQgdmVyeSBlbmNvdXJhZ2luZy4gU28gd2UnbGwgaGF2ZSB0byB3YWl0IGFuZCBzZWUgaG93IGl0IHRyYW5zbGF0ZXMgaW4gdGhlIG5leHQgdHdvIHF1YXJ0ZXJzLiBCdXQgdGhpcyBxdWFydGVyLCBkZWNpc2lvbiBtYWtpbmcgaW4gRXVyb3BlIGhhcyBpbmNyZWFzZWQuIEl0J3MgdmVyeSBlbmNvdXJhZ2luZyBiZWNhdXNlIGluaXRpYWxseSwgd2UgdG9sZCB5b3UgYWJvdXQgaG93IHRoZSBzZW50aW1lbnQgaGFkIHR1cm5lZCBpbmNyZW1lbnRhbGx5IHBvc2l0aXZlIGluIEV1cm9wZSwgYm90aCBvbiB0aGVpciBvdmVyYWxsIGVjb25vbWljIHNpZGUsIGhhdmluZyBkZWFsdCB3aXRoIHRoZSB3aW50ZXIgcG9zaXRpdmVseSwgcmVjZWRpbmcgZmVhcnMgb24gYW4gZW5lcmd5IGNyaXNpcyBhbmQgYWxzbyBpbmNyZWFzaW5nIG9wdGltaXNtIG9uIHRoZSBDaGluYSBzY2VuYXJpby4gU28gdGhhdCBwb3NpdGl2ZSBzZW50aW1lbnQgaGFzIHJlc3VsdGVkIG5vdyBpbiBpbmNyZWFzaW5nIGRlYWwgY2xvc3VyZXMuIFdl4oCZbGwgaGF2ZSB0byB3YWl0IGFuZCBzZWUgaG93IGl0IHR1cm5zIG91dCBpbiB0aGUgcmVzdCBvZiBpdC4gVVMgYWxzbywgb3VyIFRDViBoYXMgYmVlbiB2ZXJ5IHN0cm9uZy4gQW5kIGl0IGhhcyBiZWVuIHN0cm9uZyB0aHJvdWdoIHRoZSBxdWFydGVyLCBldmVuIGluIE1hcmNoLiBBbmQgaXQgaXMgY29taW5nIGFjcm9zcyBib3RoIGV4aXN0aW5nIGN1c3RvbWVycyBhcyB3ZWxsIGFzIG5ldyBjdXN0b21lcnMuIEluIGZhY3QsIGluIHRoaXMgeWVhciwgb3VyIG5ldyBjbGllbnQgVENWIGluIHRoZSBVUyBoYXMgYmVlbiBhIHJlY29yZCBoaWdoLiBTbyB0aGVyZSBpcyBub3RoaW5nIHRoYXQgc2hvd3MgdGhhdCBkZWFsIGZsb3cgaGFzIGFjdHVhbGx5IHNsb3dlZCBkb3duLiBJbiBmYWN0LCBhcyBJIHNhaWQsIG9uZSBzcGVjaWZpYyBtYXJrZXQsIEV1cm9wZSwgaXQgaGFzIGFjdHVhbGx5IGFjY2VsZXJhdGVkLg==
TS_EC_Q4_FY2024_0043,43,Pankaj Kapoor,U28gaXMgaXQgZmFpciB0byBhc3N1bWUgdGhhdCBldmVudHMgb2YgbGFzdCBmZXcgd2Vla3MgYWN0dWFsbHkgaGFkIGFuIGltcGFjdCBtb3JlIGluIHRlcm1zIG9mIGNsaWVudCBqdXN0IHBhdXNpbmcgb25nb2luZyBwcm9qZWN0cywgd2hpY2ggaXMgdGhlIHJlYXNvbiB3aHkgd2Ugc2F3IHRoZSBpbXBhY3Qgb24gdGhlIHJlcG9ydGVkIHJldmVudWVzLCBidXQgdGhlIGRlYWwgZGVjaXNpb24gbWFraW5nIGhhcyBub3QgYmVlbiBpbXBhY3RlZD8=
TS_EC_Q4_FY2024_0044,44,Rajesh Gopinathan,QWJzb2x1dGVseSwgUGFua2FqLiBOYXJyb3dseSBhbnN3ZXJpbmcgdGhlIHF1ZXN0aW9uLCB0aGF0J3MgZXhhY3RseSByaWdodC4gVGhlIHJldmVudWUgaW1wYWN0IGlzIGR1ZSB0byBkaXNjcmV0aW9uYXJ5IHByb2plY3RzIGJlaW5nIGRlZmVycmVkLCBvciBleHBlY3RlZCBwcm9qZWN0IHN0YXJ0dXBzIGdldHRpbmcgZGVsYXllZC4gV2UgaGF2ZSBub3Qgc2VlbiBsYXJnZSBzY2FsZSBwcm9qZWN0IGNhbmNlbGxhdGlvbi4gV2UgaGF2ZSBub3Qgc2VlbiBkZWFsIGZsb3cgc2xvdyBkb3duLiBJdCdzIGEgdmVyeSBpbW1lZGlhdGUsIHNob3J0LXRlcm0ga2luZCBvZiBpbXBhY3QgdGhhdCB3ZSd2ZSBzZWVuIHBsYXkgb3V0IG92ZXIgdGhlIGxhc3QgY291cGxlIG9mIG1vbnRocy4gQnV0IGl0IHJlcXVpcmVzIGNsb3NlIHdhdGNoaW5nIHRvIHNlZSBob3cgaXQgZGV2ZWxvcHMgdGhyb3VnaCB0aGUgY291cnNlIG9mIHRoZSBuZXh0IHF1YXJ0ZXIu
TS_EC_Q4_FY2024_0045,45,Pankaj Kapoor,T2YgY291cnNlLCB0aGFuayB5b3UuIFNhbWlyLCBteSBxdWVzdGlvbiB3YXMgYWdhaW4sIG9uIHRoZSBoaWdoZXIgb25zaXRlIGNvc3QuIFlvdSBtZW50aW9uZWQgc3ViY29udHJhY3RvciByZXBsYWNlbWVudCB3YXMgdGhlIHJlYXNvbiwgYnV0IEknbSBqdXN0IHdvbmRlcmluZywgd291bGRuJ3QgdGhhdCBiZSBhbHJlYWR5IGJha2VkIGluIHdoZW4geW91IHNwb2tlIG9mIHRoZSAyNSUgZXhpdCBtYXJnaW4gaW4gdGhlIHByZXZpb3VzIGNhbGwsIGFuZCB0aGUgY3VycmVuY3kgdGFpbHdpbmQgdGhhdCB3ZSBzYXcgd2FzIG5vdCBhbnRpY2lwYXRlZD8gU28gaWYgeW91IGNhbiBqdXN0IGhlbHAgdW5kZXJzdGFuZCB3aGF0IHdhcyB0aGUgbWF0aCB0aGVyZT8=
TS_EC_Q4_FY2024_0046,46,Samir Seksaria,T24gdGhlIG9uc2l0ZSBjb3N0cywgaXQgd2FzIG5vdCBqdXN0IHN1YmNvbnRyYWN0b3JzIGJ1dCBhbHNvIGFkZGl0aW9uYWwgbG9jYWwgaGlyaW5nLiBPbiB3aHkgd2UgZW5kZWQgdXAgaGVyZSBhbmQgbm90IGF0IDI1JSwgdGhhdCBpcyBub3QganVzdCBiZWNhdXNlIG9mIGp1c3QgdGhlIGhpZ2hlciBvbnNpdGUgY29zdHMuIEl0IGlzIGFsc28gZHVlIHRvIGN1c3RvbWVyIHNlbnRpbWVudHMgdHVybmluZyBpbmNyZWFzaW5nbHkgbmVnYXRpdmUgZnJvbSB3aGVyZSB3ZSBzdGFydGVkIG9mZiBhdCB0aGUgYmVnaW5uaW5nIG9mIHRoZSBjYWxlbmRhciB5ZWFyIHRvIHdoYXQgd2Ugc2F3IGluIEZlYnJ1YXJ5IGFuZCBNYXJjaC4gV2hlbiBkaXNjcmV0aW9uYXJ5IHByb2plY3RzIGFyZSBwYXVzZWQsIHRoYXQgaGFzIGFuIGltbWVkaWF0ZSBpbXBhY3Qgb24gdGhlIHJldmVudWVzIHdoaWxlIHdlIGNvbnRpbnVlIHRvIGluY3VyIHRoZSByZWxhdGVkIGNvc3RzIGluIHRoZSBzaG9ydCB0ZXJtLiBBbmQgdGhhdCdzIHdoeSB3ZSBjb3VsZG4ndCBleGl0IGF0IHdoZXJlIHdlIGhhZCB0YXJnZXRlZC4=
TS_EC_Q4_FY2024_0047,47,Pankaj Kapoor,VW5kZXJzdG9vZC4gVGhhbmsgeW91IGFuZCB3aXNoIHlvdSBhbGwgdGhlIGJlc3Qu
TS_EC_Q4_FY2024_0048,48,Samir Seksaria,VGhhbmsgeW91Lg==
TS_EC_Q4_FY2024_0049,49,Moderator,VGhhbmsgeW91LiBXZSBoYXZlIG91ciBuZXh0IHF1ZXN0aW9uIGZyb20gdGhlIGxpbmUgb2YgR2F1cmF2IFJhdGVyaWEgZnJvbSBNb3JnYW4gU3RhbmxleS4gUGxlYXNlIGdvIGFoZWFkLg==
TS_EC_Q4_FY2024_0050,50,Gaurav Rateria,SGksIHRoYW5rIHlvdSBmb3IgdGFraW5nIG15IHF1ZXN0aW9ucy4gU28sIGZpcnN0IHF1ZXN0aW9uLCBqdXN0IGdvaW5nIGJhY2sgdG8gdGhlIGNvbnZlcnNpb24gb2YgdGhlIG9yZGVyIGJvb2sgdG8gcmV2ZW51ZSwganVzdCB0byBnZXQgaXQgYSBsaXR0bGUgYmV0dGVyLCBpcyBpdCBmYWlyIHRvIHNheSB0aGF0IGxhc3QgeWVhciB5b3UgZW5kZWQgdGhlIG9yZGVyIGJvb2sgb24gVENWIGJhc2lzLCBhIHBhcnRpY3VsYXIgZ3Jvd3RoLCB5b3VyIEFDViBncm93dGggd291bGQgaGF2ZSBiZWVuIHNsb3dlciB0aGFuIHRoYXQ/IEFuZCB0aGlzIHllYXIgaW4gRlkgJzIzLCB5b3VyIEFDViBncm93dGggd291bGQgaGF2ZSBiZWVuIGJldHRlciB0aGFuIHRoZSBUQ1YgZ3Jvd3RoLCB3aGljaCBnaXZlcyB5b3UgbW9yZSBjb25maWRlbmNlIG9uIHlvdXIgZmFzdGVyIGNvbnZlcnNpb24gb2Ygb3JkZXIgYm9vayB0byByZXZlbnVlIGZvciBuZXh0IHllYXIuIEp1c3QgdHJ5aW5nIHRvIHVuZGVyc3RhbmQsIGlzIHRoYXQgdGhlIGNvcnJlY3QgdW5kZXJzdGFuZGluZz8=
TS_EC_Q4_FY2024_0051,51,Rajesh Gopinathan,R2F1cmF2LCB3ZSBkbyBub3QgY29tbWVudCBvbiBBQ1YuIEkgZG8gbm90IHdhbnQgdG8gZ2V0IGRyYWdnZWQgaW50byBpdC4gQnV0IGZyb20gdGhlIHBlcnNwZWN0aXZlIG9mIHRoZSBjb21wb3NpdGlvbiBvZiB0aGUgb3JkZXIgYm9vayB0aGlzIHllYXIsIGl0IGlzIG1vcmUgd2VpZ2h0ZWQgdG93YXJkcyB0aGUgbWVkaXVtLXNpemVkIGRlYWxzIHRoYW4gbWVnYSBkZWFscy4gU28sIHlvdSBrbm93LCB0aGUgJDUwIC0gJDEwMCBtaWxsaW9uIHJhbmdlIGhhcyBiZWVuIGEgbGFyZ2VyIGNvbnN0aXR1ZW50IHJhdGhlciB0aGFuIHRoZSAkNTAwIG1pbGxpb24gcGx1cyBib29rLg==
TS_EC_Q4_FY2024_0052,52,Gaurav Rateria,R290IGl0LiBTZWNvbmRseSwgUmFqZXNoLCB5b3UgbWVudGlvbmVkIHRoYXQgdGhlIHNlbnRpbWVudCBpbiBFdXJvcGUgaGFzIGtpbmQgb2YgaW1wcm92ZWQgYW5kIHRoYXQgaGFzIHJlZmxlY3RlZCBpbiBiZXR0ZXIgdmVsb2NpdHkgb2YgdGhlIGRlYWwgZmxvd3MuIElzIGl0IGZhaXIgdG8gc2F5IHRoYXQgYXQgbGVhc3QgZm9yIHRoZSBuZXh0IHR3byBxdWFydGVycywgdGhlIGdyb3d0aCBkcml2ZXJzIGZvciBvdmVyYWxsIHJldmVudWUgd2lsbCBiZSBtb3JlIGxlZCBieSBFdXJvcGUgdGhhbiB0aGUgVVM/
TS_EC_Q4_FY2024_0053,53,Rajesh Gopinathan,VGhhdOKAmXMgYSBzdHJldGNoLiBCdXQgSSBkb27igJl0IGtub3csIHdlIHdpbGwgaGF2ZSB0byB3YWl0IGFuZCBzZWUgaG93IGl0LCBFdXJvcGUgaXMgYWxzbyBjb21wbGV4LCBlc3BlY2lhbGx5IEJGU0kuIERvIHlvdSB3YW50IHRvIGNvbW1lbnQgb24gQkZTST8=
TS_EC_Q4_FY2024_0054,54,Milind Lakkad,R2F1cmF2LCBpZiB5b3UgbG9vayBhdCBFdXJvcGUsIGRpZmZlcmVudCByZWdpb25zIHBsYXkgb3V0IGRpZmZlcmVudGx5LiBJbiBCRlNJLCB3ZSBhcmUgc2VlaW5nIGdvb2QgdHJhY3Rpb24gaW4gTm9yZGljcyBhbmQgQmVuZWx1eC4gQ2VudHJhbCBFdXJvcGUgaXMgc2xpZ2h0bHkgY29tcGxleCBhbmQgZGlmZmljdWx0LiBTbywgdG8gbWFrZSBhIGdlbmVyaWMgc3RhdGVtZW50IHRoYXQgRXVyb3BlIHdvdWxkIHR1cm4gb3V0IHRvIGJlIG1vcmUgcG9zaXRpdmUgd2lsbCBub3QgYmUgYXBwcm9wcmlhdGUuIEVhY2ggdmVydGljYWwgYW5kIGVhY2ggcmVnaW9uIGlzIGdvaW5nIHRvIHBsYXkgb3V0IGRpZmZlcmVudGx5LiBPdmVyYWxsLCB0aGUgc2VudGltZW50IGlzIGltcHJvdmluZy4gV2UgYXJlIG5vdCBzYXlpbmcgdGhhdCBpdCBoYXMgYmVjb21lIHN0cm9uZyBvdmVybmlnaHQgdGhhdCBpdCB3aWxsIGRyaXZlIG91ciBncm93dGguIEl0J3MgaW1wcm92aW5nLg==
TS_EC_Q4_FY2024_0055,55,Gaurav Rateria,R290LCBpdC4gTGFzdCBxdWVzdGlvbi4gUmFqZXNoIG1lbnRpb25lZCBhYm91dCB0aGUga2luZCBvZiByZW9yaWVudGluZyB0aGUgb3BlcmF0aW5nIG1vZGVsIHRvIGFkanVzdCBpbiBsaW5lIHdpdGggdGhlIGNoYW5nZWQgbWFjcm8gY29uZGl0aW9ucyBmcm9tIGEgY29zdCBzdHJ1Y3R1cmUgcGVyc3BlY3RpdmUuIFNvLCB0eXBpY2FsbHkgaXQgdGFrZXMgYWJvdXQgYSBxdWFydGVyIG9yIHR3byB0byBraW5kIG9mIGFkanVzdCB0aGF0IG9yIG1ha2UgdGhhdCBhZGp1c3RtZW50IHdpdGhpbiB0aGUgb3BlcmF0aW5nIG1vZGVsLiBBbmQsIGlzIHRoYXQgYSBmYWlyIGFzc2Vzc21lbnQgZnJvbSBhIG1hcmdpbiBwZXJzcGVjdGl2ZSBpbiB0aGUgc2Vuc2UgdGhhdCBpdCB0YWtlcyBhYm91dCBhIHF1YXJ0ZXIgb3IgdHdvIHRvIHJlZmxlY3QgdGhhdCB0aGUgY29zdCBzdHJ1Y3R1cmUgYW5kIHRoZSBiZXR0ZXIgbWFyZ2lucyBmcm9tIG92ZXJhbGwgY29tcGFueSBzdGFuZHBvaW50Pw==
TS_EC_Q4_FY2024_0056,56,Rajesh Gopinathan,QWN0dWFsbHksIGxldCBtZSBleHBsYWluIHdoYXQgSSBtZWFudC4gSSBraW5kIG9mIGNhcnJpZWQgb3ZlciBmcm9tIHRoZSBkaXNjdXNzaW9uIGluIHRoZSBwcmVzcyBjb25mZXJlbmNlLiBBcyB5b3Uga25vdywgb3VyIHJlbGlhbmNlIG9uIGNvbnRpbmdlbnQgbGFib3IgaGFzIHNpZ25pZmljYW50bHkgaW5jcmVhc2VkLCBtYWlubHkgYmVjYXVzZSBvZiB0aGUgdmFyaW91cyB0cmF2ZWwgcmVzdHJpY3Rpb25zIGFuZCBzdXBwbHkgc2lkZSBjaGFsbGVuZ2VzIGluIHRoZSBsb2NhbCBtYXJrZXQuIEEgY29tYmluYXRpb24gb2YgaGlnaCBkZW1hbmQgYW5kIHNpZ25pZmljYW50IGRpc2xvY2F0aW9uIG9uIHRoZSBzdXBwbHkgc2lkZSBoYWQgcmVzdWx0ZWQgaW4gYSBzaWduaWZpY2FudCBpbmNyZWFzZSBpbiBvdXIgZGVwZW5kZW5jZSBvbiBjb250aW5nZW50IGxhYm9yLiBXZSBhcmUgc3RydWN0dXJhbGx5IGFuZCBzeXN0ZW1hdGljYWxseSBtb3ZpbmcgdG8gZ28gYmFjayB0byBvdXIgbW9yZSBwcmVmZXJyZWQgb3BlcmF0aW5nIG1vZGVsLCB3aGljaCBpcyBhYm91dCA1JSB0byA4JSBvZiBvdXIgb25zaXRlIHdvcmtmb3JjZSBiZWluZyBjb250aW5nZW50IGxhYm9yLiBUaGlzIGlzIGFsc28gdmVyeSBpbXBvcnRhbnQgZm9yIHVzIHRvIGVuc3VyZSBxdWFsaXR5IG9mIGRlbGl2ZXJ5IGFuZCB0byBtYW5hZ2UgdGhlIG92ZXJhbGwgZXhwZXJpZW5jZSBhdCB0aGUgY3VzdG9tZXIgbGV2ZWwuIFNvIHdlIGhhdmUgYmVlbiBzeXN0ZW1hdGljYWxseSBleGVjdXRpbmcgdGhhdC4gV2UgYXJlIGFib3V0IDI1JSBsb3dlciB0aGFuIG91ciBwZWFrIGNvbnRpbmdlbnQgbGFib3IgcmVsaWFuY2UgaW4gdGhlIE5vcnRoIEFtZXJpY2EgZ2VvZ3JhcGh5LiBXZSBoYXZlIHF1aXRlIGEgZGlzdGFuY2UgdG8gZ28gdG8gYnJpbmcgaXQgYmFjayB0byBvdXIgZGVzaXJlZCBvcGVyYXRpbmcgcmFuZ2UsIGFuZCB3ZSB3aWxsIGNvbnRpbnVlIHRvIGRvIHRoYXQsIHJlbHlpbmcgb24gaW1wcm92ZW1lbnRzIGluIHRoZSB0cmF2ZWwgYW5kIHZpc2EgYXZhaWxhYmlsaXR5LiBPbmNlIHdlIGhhdmUgdGhhdCwgd2Ugd2lsbCBhZ2FpbiBoYXZlIGEgZ3JlYXRlciBhYmlsaXR5IHRvIGZsZXggdXAgYW5kIGRvd24gZGVwZW5kaW5nIG9uIHdoZXJlIHRoZSBkZW1hbmQgaXMuIFNvLCB0aGF0IGlzIHdoZXJlIEkgd2FzIGNvbWluZyBmcm9tLiBUaGlzIGlzIGEgbXVsdGktcXVhcnRlciBqb3VybmV5IGFuZCBpdCBpcyBub3QgcHVyZWx5IGRyaXZlbiBmcm9tIGEgY29zdCBwZXJzcGVjdGl2ZS4gSXQgaXMgYXMgbXVjaCBkcml2ZW4gZnJvbSB0aGUgbmVlZCBmb3Igc3RhYmlsaXR5IGFuZCByZXNpbGllbmNlIG9mIG91ciBvdmVyYWxsIG9wZXJhdGluZyBtb2RlbC4gV2UgYXJlIGV4ZWN1dGluZyBvbiB0aGF0LCB3aGljaCBwb3NpdGlvbnMgdXMgd2VsbCBpbiB0aGUgY3VycmVudCBlbnZpcm9ubWVudC4gSWYgdGhlIGRlbWFuZCBzcGlrZXMsIHdlIGFueXdheSBoYXZlIHRoZSBiYXNlIGxvYWQgdGhlcmUgYW5kIHdlIGNhbiBnbyBiYWNrIHRvIHRoZSBtb3JlIGltbWVkaWF0ZSBzdXBwbHkgc291cmNlcy4gQW5kLCBpZiBpdCByZWR1Y2VzLCB3ZSB3aWxsIGtlZXAgb24gc3lzdGVtYXRpY2FsbHkgYnJpbmdpbmcgdGhpcyBkb3duLCBiZW5lZml0aW5nIG1hcmdpbnMgYmVjYXVzZSBpdCBpcyB0eXBpY2FsbHkgbW9yZSBjb3N0bHkgdGhhbiBvdXIgbG9uZy10ZXJtIGVtcGxveWVlIGJhc2Uu
TS_EC_Q4_FY2024_0057,57,Gaurav Rateria,R290LCBpdC4gVGhhbmtzIGZvciB0aGUgZXhwbGFuYXRpb24gUmFqZXNoIGFuZCBhbGwgdGhlIGJlc3QgZm9yIHlvdXIgZnV0dXJlIGVuZGVhdm9ycyBhbmQgY29uZ3JhdHVsYXRpb25zIHRvIEtyaXRoaS4gVGhhbmsgeW91Lg==
TS_EC_Q4_FY2024_0058,58,Rajesh Gopinathan,VGhhbmsgeW91Lg==
TS_EC_Q4_FY2024_0059,59,Moderator,VGhhbmsgeW91LiBXZSBoYXZlIG91ciBuZXh0IHF1ZXN0aW9uIGZyb20gdGhlIGxpbmUgb2YgUmF2aSBNZW5vbiBmcm9tIE1hY3F1YXJpZS4gUGxlYXNlIGdvIGFoZWFkLg==
TS_EC_Q4_FY2024_0060,60,Ravi Menon,VGhhbmsgeW91LiBUaGlzIGlzIHNpbWlsYXIgdG8gd2hhdCBQYW5rYWogYXNrZWQgdGhhdCB0aGUgd2F5IHRoZSBkZWFscyBoYXZlIGNvbWUgdGhyb3VnaCwgeW91IGtub3csIGl0IHNob3dzIHRoYXQgdGhlIGRlbWFuZCBlbnZpcm9ubWVudCBoYXMgbm90IHJlYWxseSBjaGFuZ2VkLCBidXQgdGhlIHF1YXJ0ZXJzIG9mIGVhcmx5IGdyb3d0aCwgaXQgaGFzIGJlY29tZSBwcmV0dHkgbmVnYXRpdmUuIFNvLCBhcmUgeW91IHNlZWluZyB0aGlzIGNoYW5nZSBpbiBwaXBlbGluZSBvciBkZWxheXMgaW4gZGVjaXNpb24gbWFraW5nIHRoYXQgdGhpcyBuZWdhdGl2aXR5IGlzIG5vdCBqdXN0IHRlbXBvcmFyeSBjYXV0aW9uPyBPciBzaG91bGQgd2UgdGhpbmsgYWJvdXQgdGhpcyBhcyBzb21ldGhpbmcgc2ltaWxhciB0byBmdXJsb3VnaHMgYW5kIHdlIHdpbGwgc2VlIHRoaXMgY29tZSBiYWNrIGluIGEgcXVhcnRlciBvciB0d28/
TS_EC_Q4_FY2024_0061,61,Rajesh Gopinathan,UmF2aSwgYXMgb2Ygbm93LCBuby4gQnV0IHdlJ2xsIGhhdmUgdG8gd2FpdCBhbmQgc2VlIGlmIGl0IHBlcnNpc3RzLCBhbmQgaG93IGl0IHR1cm5zIG91dC4gQXMgb2Ygbm93LCB3ZSBoYXZlIG5vdCBzZWVuIGFueSBzaWduaWZpY2FudCBjaGFuZ2UgaW4gdGhlIGRlYWwgcGlwZWxpbmUuIEFuZCB0aGUgYWN0dWFsIHBpcGVsaW5lIHJlcGxlbmlzaG1lbnQgY29udGludWVzIHRvIGJlIHF1aXRlIHN0cm9uZy4gQnV0IHdlJ2xsIGhhdmUgdG8gY2FyZWZ1bGx5IHdhdGNoIGhvdyB0aGUgZGVjaXNpb24tbWFraW5nIHBsYXlzIG91dCBpbiB0aGUgbmV4dCBxdWFydGVyIG9yIHNvLg==
TS_EC_Q4_FY2024_0062,62,Ravi Menon,QW5kIHlvdSBoYWQgdGFsa2VkIGxhc3QgcXVhcnRlciBvZiBhIG1vcmUgbm9ybWFsaXplZCBhbm51YWwgZ3Jvc3MgaGlyaW5nIG9mIGFyb3VuZCAxMjUsMDAwIHRvIDE1MCwwMDAgcGVvcGxlIGFzIGF0dHJpdGlvbiBub3JtYWxpemVzLiBJcyB0aGF0IHN0aWxsIHRoZSByYW5nZSB5b3UncmUgd29ya2luZyB3aXRoPw==
TS_EC_Q4_FY2024_0063,63,Milind Lakkad,U2VlLCB3ZSBkb24ndCBjYWxsIG91dCBvbiBncm9zcyBoaXJpbmcgZm9yIHRoZSB5ZWFyLiBJbiBnZW5lcmFsLCBmb3IgdGhlIGNhbXB1cyBoaXJlcywgSSB0YWxrZWQgYWJvdXQgNDAsMDAwIGNhbXB1cyBoaXJlcy4gTnVtYmVyIG9mIGxhdGVyYWwgaGlyZXMgd2lsbCBiZSBkZXBlbmRlbnQgb24gdGhlIGRlbWFuZCBmcm9tIHRoZSBidXNpbmVzcyBldmVyeSBxdWFydGVyLg==
TS_EC_Q4_FY2024_0064,64,Ravi Menon,VGhhbmtzLiBBbmQgb25lIGxhc3QgZm9sbG93LXVwLCBpZiBJIG1heS4gSXQgbG9va3MgbGlrZSB5b3UgY291bGQgaGF2ZSB0YWtlbiB1cCB0aGUgdXRpbGl6YXRpb24sIGJ1dCB5b3Ugb3B0IHRvIEkgbWVhbiBsZXQgdGhlIG5hdHVyYWwgYXR0cml0aW9uLCB5b3UgY2hvc2UgdG8gc3RpbGwgcmVwbGFjZSB0aGF0LiBXaHkgd291bGQgeW91IGRvIHRoYXQgd2hlbiB5b3UgZG9uJ3QgcmVhbGx5IGhhdmUgbXVjaCB2aXNpYmlsaXR5IGludG8gdGhlIGRlbWFuZD8=
TS_EC_Q4_FY2024_0065,65,Milind Lakkad,SSB0aGluayBpdCdzIGEgbWl4dHVyZSBvZiBib3RoLiBXZSBhcmUgZG9pbmcgYm90aC4gV2UgYXJlIGFjdHVhbGx5IGRldmVsb3BpbmcgZG9pbmcgYSByaWdvcm91cyB0YWxlbnQgZGV2ZWxvcG1lbnQgb2Ygb3VyIHBlb3BsZSBjb21pbmcgaW4gZnJvbSB0aGUgY2FtcHVzLiBBdCB0aGUgc2FtZSB0aW1lLCB3ZSBuZWVkIHRoZSBwZW9wbGUgZnJvbSB0aGUgbWFya2V0LCBhbmQgdGhhdCBpcyBob3cgaXQgaXMgcGxheWluZyBvdXQuIFdlIG5lZWQgYm90aC4=
TS_EC_Q4_FY2024_0066,66,Rajesh Gopinathan,QW5kIFJhdmksIHRoZSBCQSBzaWRlIG9mIGl0LCB3aGljaCBJIGV4cGxhaW5lZCBlYXJsaWVyLCBpcyBhbHNvIHBhcnQgb2YgdGhhdC4gV2UncmUgbm90IGp1c3QgcmVwbGFjaW5nIHRoYXQgYXR0cml0aW9uLiBXZSBhcmUgYWxzbyByZXBsYWNpbmcgb24gdGhlIEJBIHNpZGUu
TS_EC_Q4_FY2024_0067,67,Ravi Menon,VGhhbmtzIGV2ZXJ5b25lLCBiZXN0IG9mIGx1Y2suIEFuZCB0aGFua3MgUmFqZXNoIGl04oCZcyBiZWVuIGdyZWF0IGhhdmluZyB5b3UuIEtyaXRoaSB3ZWxjb21lIGFib2FyZC4gSSBob3BlLCB0aGlzIHNob3VsZCBiZSBhbiBlYXNpZXIgdGhhbiB3aGF0IFJhamVzaCBoYWQuIFRoYW5rIHlvdS4=
TS_EC_Q4_FY2024_0068,68,Rajesh Gopinathan,VGhhbmsgeW91LCBSYXZpLg==
TS_EC_Q4_FY2024_0069,69,Moderator,VGhhbmsgeW91LiBXZSBoYXZlIGEgbmV4dCBxdWVzdGlvbiBmcm9tIHRoZSBsaW5lIG9mIFZpYmhvciBTaW5naGFsIGZyb20gTnV2YW1hIEVxdWl0aWVzLiBQbGVhc2UgZ28gYWhlYWQu
TS_EC_Q4_FY2024_0070,70,Vibhor Singhal,VGhhbmtzIGZvciB0YWtpbmcgbXkgcXVlc3Rpb24uIFNvLCBqdXN0IGEgY291cGxlIG9mIHF1ZXN0aW9ucyBmcm9tIG15IHNpZGUuIExhc3QgcXVhcnRlciwgd2UgbWVudGlvbmVkIHRoYXQgdGhlIGdyb3d0aCBpbiB0aGUgcmV0YWlsIHZlcnRpY2FsIGxhc3QgcXVhcnRlciB3YXMgcHJpbWFyaWx5IGRyaXZlbiBieSB0aGUgdHJhdmVsIHZlcnRpY2FsLiBEb2VzIHRoYXQgY29udGludWUgdG8gYmUgdGhlIGNhc2UgdGhpcyBxdWFydGVyIGFzIHdlbGw/IEFuZCBob3cgaXMgdGhlIGNvcmUgbm9uLXRyYXZlbCBwYXJ0IG9mIHRoZSByZXRhaWwgZnVuY3Rpb24sIHNheSB0aGUgRk1DRyBhbmQgdGhlIENQRyBwYXJ0IG9mIHRoZSBidXNpbmVzcyBmYXJpbmcgb24gYW4gb3ZlcmFsbCBjb21wYW55IGJhc2lzLiBNeSBzZWNvbmQgcXVlc3Rpb24gd2FzIG9uIHRoZSBvdmVyYWxsIHNjZW5hcmlvIGF0IHRoaXMgcG9pbnQgb2YgdGltZS4gSSBtZWFuIEknbSBzdXJlIHRoZSBUQ1MgbWFuYWdlbWVudCBoYXMgYmVlbiB0aHJvdWdoIHNpbWlsYXIga2luZHMgb2YgZG93bnR1cm4gYmVmb3JlIGFuZCBjb21lIG91dCBvZiB0aGF0IGNoYWxsZW5nZSBhcyB3ZWxsLiBTbyB0eXBpY2FsbHksIGluIHRoZXNlIGtpbmQgb2YgZWNvbm9taWMgc2xvd2Rvd25zIG9yIGRvd250dXJucywgZG8gY2xpZW50cyBlbmQgdXAgYXNraW5nIGZvciBwcmljaW5nIGRpc2NvdW50cyBvciBkbyBjb21wZXRpdG9ycyByZXNvcnQgdG8gc29tZSBwcmljaW5nIHVuZGVyIGN1dHMsIHdoaWNoIGJhc2ljYWxseSBmb3JjZXMgdXMgYWxzbyB0byBtYXliZSBmb2xsb3cgdGhlbSwgd2hpY2ggd291bGQgaW1wYWN0IHRoZSBwcm9maXRhYmlsaXR5IG9yIHRoZSBncm93dGggb3IgYm90aCBpbiB0aGlzIGtpbmQgb2YgYSBzY2VuYXJpbz8=
TS_EC_Q4_FY2024_0071,71,Rajesh Gopinathan,U29ycnksIEkgd2FzIG9uIG11dGUuIE9uIHRoZSBSZXRhaWwgc2lkZSwgVFRIIFtUcmF2ZWwgVHJhbnNwb3J0YXRpb24gYW5kIEhvc3BpdGFsaXR5XSBjb250aW51ZXMgdG8gZG8gd2VsbC4gQnV0IG91ciBwZXJmb3JtYW5jZSBpcyBub3QgcHVyZWx5IGRyaXZlbiBieSB0aGF0LiBFc3BlY2lhbGx5IGluIHRoaXMgcXVhcnRlciwgbW9zdCBzZWdtZW50cyBoYXZlIGRvbmUgd2VsbC4gRXNzZW50aWFsIHJldGFpbCBoYXMgZG9uZSB3ZWxsLiBTb21lIHBhcnRzIG9mIGRpc2NyZXRpb25hcnkgcmV0YWlsIGFuZCBmYXNoaW9uIGhhdmUgYmVlbiBjaGFsbGVuZ2VkLiBOb3J0aCBBbWVyaWNhIHJldGFpbCBoYXMgYmVlbiBxdWl0ZSB3ZWFrLCB3aGVyZWFzIE5vcnRoIEFtZXJpY2EgdHJhdmVsIGNvbnRpbnVlcyB0byBkbyB3ZWxsLiBTbyBvdmVyYWxsLCBtb3N0IHNlZ21lbnRzIGFyZSBkb2luZyB3ZWxsIHdpdGggVHJhdmVsIGFuZCBIb3NwaXRhbGl0eSBvdXRwZXJmb3JtaW5nIHdpdGhpbiB0aGF0LCBhbmQgTm9ydGggQW1lcmljYSByZXRhaWwgdW5kZXJwZXJmb3JtaW5nLiBUaGF0J3MgdGhlIHdheSB0byB1bmRlcnN0YW5kIHRoaXMgcXVhcnRlcidzIHJldGFpbCBzaWRlIG9mIGl0LiBPbiB0aGUgcHJpY2luZyBzaWRlLCB3ZSBoYXZlIGhhZCB0aGlzIGRpc2N1c3Npb24gZWFybGllciB0b28uIEluIG91ciBpbmR1c3RyeSwgdW5saWtlIGEgcHJvZHVjdCBpbmR1c3RyeSwgZGlzY291bnRpbmcgYW5kIHByaWNlIHVuZGVyY3V0dGluZyBpcyBub3QgYXMgZWFzeSBiZWNhdXNlIGFuIGluY3JlbWVudGFsIGRlYWwgaXMgb25lIHRoaW5nLiBCdXQgb25jZSB5b3Ugb2ZmZXIgYSBwcmljZSwgaXQncyB2ZXJ5IHZpc2libGUgYWNyb3NzIHlvdXIgZW50aXJlIGN1c3RvbWVyIHVuaXZlcnNlLiBTbyB0aGUgYWJpbGl0eSB0byBkbyB0aGF0IGluIGEgdmVyeSBzeXN0ZW1hdGljIG1hbm5lciBpcyBxdWl0ZSByZXN0cmljdGVkLiBTbyBpdCdzIGEgbXVjaCBtb3JlIGRpc2NpcGxpbmVkIGluZHVzdHJ5IGluIHRlcm1zIG9mIHByaWNpbmcuIFRoYXQgaXMgd2hhdCdzIHBsYXlpbmcgb3V0LiBXZSdsbCBrZWVwIHdhdGNoaW5nIGl0LiBXZSB3aWxsIHN0YXkgdGFjdGljYWxseSByZXNwb25zaXZlIGluIHRoZSBtYXJrZXQsIGFuZCB3ZSdsbCBkZWFsIHdpdGggaXQgYXMgaXQgY29tZXMu
TS_EC_Q4_FY2024_0072,72,Vibhor Singhal,R290LCBpdC4gVGhhbmtzIGZvciB0YWtpbmcgbXkgcXVlc3Rpb25zLiBBbmQgd2lzaCB5b3UgYWxsIHRoZSBiZXN0Lg==
TS_EC_Q4_FY2024_0073,73,Moderator,VGhhbmsgeW91LiBMYWRpZXMgYW5kIGdlbnRsZW1lbiwgdGhhdCB3YXMgdGhlIGxhc3QgcXVlc3Rpb24gZm9yIHRvZGF5LiBJIG5vdyBoYW5kIHRoZSBjb25mZXJlbmNlIG92ZXIgdG8gbWFuYWdlbWVudCBmb3IgdGhlIGNsb3NpbmcgY29tbWVudHMu
TS_EC_Q4_FY2024_0074,74,Rajesh Gopinathan,VGhhbmsgeW91LiBXZSBhcmUgcGxlYXNlZCB3aXRoIG91ciBGWSAyMyBwZXJmb3JtYW5jZSwgZ3Jvd2luZyBhdCAxNy42JSBpbiBydXBlZSB0ZXJtcyBhbmQgMTMuNyUgaW4gY29uc3RhbnQgY3VycmVuY3kgdGVybXMuIFRoZSBzdGVhZGlseSBkZXRlcmlvcmF0aW5nIG1hY3JvIGVudmlyb25tZW50IGhhcyBtZWFudCBkZWNlbGVyYXRpbmcgc2Vjb25kIGhhbGYuIE91ciBRNCByZXZlbnVlIGdyb3d0aCB3YXMgMTYuOSBpbiBydXBlZSB0ZXJtcyBhbmQgMTAuNyBpbiBjb25zdGFudCBjdXJyZW5jeS4gSG93ZXZlciwgd2UgaGF2ZSBoYWQgYSB2ZXJ5IHN0cm9uZyBvcmRlciBib29rIHdpdGggYW4gYWxsLXRpbWUgaGlnaCBudW1iZXIgb2YgbGFyZ2UgZGVhbHMuIE91ciBvcGVyYXRpbmcgbWFyZ2luIGluIFE0IHdhcyBmbGF0IHNlcXVlbnRpYWxseSBhdCAyNC41JSwgYW5kIG91ciBuZXQgbWFyZ2luIHdhcyBhdCAxOS4zJS4gT24gdGhlIHBlb3BsZSBmcm9udCwgTFRNIGF0dHJpdGlvbiBpbiBJVCBzZXJ2aWNlcyBmdXJ0aGVyIGZlbGwgdG8gMjAuMSUuIExhc3RseSwgSSB3YW50IHRvIHRoYW5rIGFsbCBvZiB5b3UgZm9yIGFsbCB0aGUgcG9zaXRpdmUgc2VudGltZW50IHRoYXQgeW914oCZdmUgc2hvd24uIEl0J3MgYmVlbiBhbiBhYnNvbHV0ZSBwbGVhc3VyZSBpbnRlcmFjdGluZyB3aXRoIGFsbCBvZiB5b3UgYW5kIGFudGljaXBhdGluZyBhbmQgcmVhY3RpbmcgdG8geW91ciBxdWVzdGlvbnMuIFNvLCB0aGFuayB5b3UgZm9yIHRoYXQgZ29vZHdpbGwgYW5kIHRoYXQgYXR0ZW50aW9uIHRoYXQgeW91J3ZlIGdpdmVuIHVzLiBXaXRoIHRoYXQsIHdlIHdyYXAgdXAgb3VyIGNhbGwuIFRoYW5rIHlvdSBhbGwgZm9yIGpvaW5pbmcgdXMgdG9kYXkgYW5kIGVuam95IHRoZSByZXN0IG9mIHlvdXIgZXZlbmluZywgZGF5IGFuZCBzdGF5IHNhZmUuIFRoYW5rIHlvdS4=
TS_EC_Q4_FY2024_0075,75,Moderator,VGhhbmsgeW91LCBtZW1iZXJzIG9mIHRoZSBtYW5hZ2VtZW50LiBPbiBiZWhhbGYgb2YgVENTLCB0aGF0IGNvbmNsdWRlcyB0aGlzIGNvbmZlcmVuY2UgY2FsbC4gVGhhbmsgeW91IGZvciBqb2luaW5nIHVzIGFuZCB5b3UgbWF5IG5vdyBkaXNjb25uZWN0IHlvdXIgbGluZXMu
TS_EC_Q4_FY2024_0076,76,Note,VGhpcyB0cmFuc2NyaXB0IGhhcyBiZWVuIGVkaXRlZCBmb3IgcmVhZGFiaWxpdHkgYW5kIGRvZXMgbm90IHB1cnBvcnQgdG8gYmUgYSB2ZXJiYXRpbSByZWNvcmQgb2YgdGhlIHByb2NlZWRpbmdz
